nb_episodes,epsilon_rate,epsilon_min,epsilon_max,learning_rate,reward_discount_rate,decay_rate,avg_rewards,avg_steps,duration
10000,1.0,0.01,1.0,0.5,0.9,0.01,5.76,22.4,7.016526222229004
10000,1.0,0.01,1.0,0.5,0.9,0.03,5.47,16.15,12.667381048202515
10000,1.0,0.01,1.0,0.5,0.9,0.05,6.54,16.64,18.305476665496826
10000,1.0,0.01,1.0,0.5,0.9,0.07,6.17,22.3,24.37621283531189
10000,1.0,0.01,1.0,0.5,0.9,0.1,6.47,15.9,29.806821584701538
10000,1.0,0.01,1.0,0.5,0.786,0.01,5.4,46.91,45.63572859764099
10000,1.0,0.01,1.0,0.5,0.786,0.03,4.93,59.41,59.37526273727417
10000,1.0,0.01,1.0,0.5,0.786,0.05,6.53,42.95,70.98104333877563
10000,1.0,0.01,1.0,0.5,0.786,0.07,7.95,57.37,83.6065731048584
10000,1.0,0.01,1.0,0.5,0.786,0.1,6.42,42.01,93.87324500083923
10000,1.0,0.01,1.0,0.5,0.618,0.01,7.34,69.7,114.36566472053528
10000,1.0,0.01,1.0,0.5,0.618,0.03,6.68,70.7,133.4906759262085
10000,1.0,0.01,1.0,0.5,0.618,0.05,6.72,63.4,151.27170062065125
10000,1.0,0.01,1.0,0.5,0.618,0.07,6.38,68.21,169.46469640731812
10000,1.0,0.01,1.0,0.5,0.618,0.1,7.81,69.42,188.0488133430481
10000,1.0,0.01,1.0,0.5,0.5,0.01,6.45,82.83,209.52252626419067
10000,1.0,0.01,1.0,0.5,0.5,0.03,7.68,89.92,232.066570520401
10000,1.0,0.01,1.0,0.5,0.5,0.05,9.2,89.57,254.52487683296204
10000,1.0,0.01,1.0,0.5,0.5,0.07,5.19,80.48,275.1728301048279
10000,1.0,0.01,1.0,0.5,0.5,0.1,6.71,75.67,296.8964207172394
10000,1.0,0.01,1.0,0.5,0.382,0.01,4.74,83.11,319.75680208206177
10000,1.0,0.01,1.0,0.5,0.382,0.03,4.16,69.3,341.0043978691101
10000,1.0,0.01,1.0,0.5,0.382,0.05,6.27,75.98,361.5018730163574
10000,1.0,0.01,1.0,0.5,0.382,0.07,7.69,71.93,381.98092794418335
10000,1.0,0.01,1.0,0.5,0.382,0.1,6.11,82.09,403.9304850101471
10000,1.0,0.01,1.0,0.5,0.2,0.01,11.84,96.14,427.79491353034973
10000,1.0,0.01,1.0,0.5,0.2,0.03,13.0,98.38,452.12219166755676
10000,1.0,0.01,1.0,0.5,0.2,0.05,6.4,92.15,475.5064857006073
10000,1.0,0.01,1.0,0.5,0.2,0.07,10.62,97.26,499.7568151950836
10000,1.0,0.01,1.0,0.5,0.2,0.1,5.71,86.26,522.307363986969
10000,1.0,0.01,1.0,0.5,0.1,0.01,9.29,92.17,546.7306880950928
10000,1.0,0.01,1.0,0.5,0.1,0.03,6.79,82.75,569.7543108463287
10000,1.0,0.01,1.0,0.5,0.1,0.05,11.9,97.62,594.1815116405487
10000,1.0,0.01,1.0,0.5,0.1,0.07,7.62,88.1,617.2313096523285
10000,1.0,0.01,1.0,0.5,0.1,0.1,9.46,97.81,641.2219824790955
10000,1.0,0.01,1.0,0.6,0.9,0.01,5.76,31.35,650.1570529937744
10000,1.0,0.01,1.0,0.6,0.9,0.03,5.51,26.29,657.2303140163422
10000,1.0,0.01,1.0,0.6,0.9,0.05,5.66,22.19,663.5409123897552
10000,1.0,0.01,1.0,0.6,0.9,0.07,6.22,20.48,669.4600839614868
10000,1.0,0.01,1.0,0.6,0.9,0.1,5.66,16.26,675.0872399806976
10000,1.0,0.01,1.0,0.6,0.786,0.01,7.01,62.14,692.4481449127197
10000,1.0,0.01,1.0,0.6,0.786,0.03,5.93,51.13,706.9546041488647
10000,1.0,0.01,1.0,0.6,0.786,0.05,4.98,49.42,720.3662211894989
10000,1.0,0.01,1.0,0.6,0.786,0.07,6.8,55.18,733.2802574634552
10000,1.0,0.01,1.0,0.6,0.786,0.1,6.0,38.64,744.7022137641907
10000,1.0,0.01,1.0,0.6,0.618,0.01,6.35,68.29,764.0035865306854
10000,1.0,0.01,1.0,0.6,0.618,0.03,7.33,79.53,785.0763828754425
10000,1.0,0.01,1.0,0.6,0.618,0.05,6.29,53.56,802.9410541057587
10000,1.0,0.01,1.0,0.6,0.618,0.07,5.88,67.18,821.3409271240234
10000,1.0,0.01,1.0,0.6,0.618,0.1,5.62,55.76,838.1319336891174
10000,1.0,0.01,1.0,0.6,0.5,0.01,6.46,72.53,858.2540683746338
10000,1.0,0.01,1.0,0.6,0.5,0.03,6.14,87.62,880.1726706027985
10000,1.0,0.01,1.0,0.6,0.5,0.05,6.11,68.33,900.3181865215302
10000,1.0,0.01,1.0,0.6,0.5,0.07,7.67,80.62,920.8434581756592
10000,1.0,0.01,1.0,0.6,0.5,0.1,7.95,86.94,943.2687072753906
10000,1.0,0.01,1.0,0.6,0.382,0.01,7.18,93.61,966.4301540851593
10000,1.0,0.01,1.0,0.6,0.382,0.03,11.21,93.33,990.2325823307037
10000,1.0,0.01,1.0,0.6,0.382,0.05,6.98,67.49,1010.1555070877075
10000,1.0,0.01,1.0,0.6,0.382,0.07,8.07,90.56,1032.7461020946503
10000,1.0,0.01,1.0,0.6,0.382,0.1,4.67,64.2,1052.391513824463
10000,1.0,0.01,1.0,0.6,0.2,0.01,3.75,80.44,1074.5472242832184
10000,1.0,0.01,1.0,0.6,0.2,0.03,7.74,92.25,1096.9423143863678
10000,1.0,0.01,1.0,0.6,0.2,0.05,0,99.0,1121.6480877399445
10000,1.0,0.01,1.0,0.6,0.2,0.07,5.0,89.24,1144.363621711731
10000,1.0,0.01,1.0,0.6,0.2,0.1,5.87,79.58,1166.4464435577393
10000,1.0,0.01,1.0,0.6,0.1,0.01,8.24,95.04,1189.7149789333344
10000,1.0,0.01,1.0,0.6,0.1,0.03,7.42,91.78,1213.2084748744965
10000,1.0,0.01,1.0,0.6,0.1,0.05,7.6,86.03,1235.6178970336914
10000,1.0,0.01,1.0,0.6,0.1,0.07,4.22,95.5,1258.699856519699
10000,1.0,0.01,1.0,0.6,0.1,0.1,6.97,79.98,1280.9486002922058
10000,1.0,0.01,1.0,0.7,0.9,0.01,5.76,40.18,1292.5096237659454
10000,1.0,0.01,1.0,0.7,0.9,0.03,5.64,35.43,1301.1430668830872
10000,1.0,0.01,1.0,0.7,0.9,0.05,5.3,38.02,1310.592561006546
10000,1.0,0.01,1.0,0.7,0.9,0.07,5.53,27.93,1318.0897047519684
10000,1.0,0.01,1.0,0.7,0.9,0.1,6.05,36.98,1325.98330616951
10000,1.0,0.01,1.0,0.7,0.786,0.01,6.17,60.61,1344.259110212326
10000,1.0,0.01,1.0,0.7,0.786,0.03,6.96,74.16,1362.4075937271118
10000,1.0,0.01,1.0,0.7,0.786,0.05,6.01,62.89,1379.392853975296
10000,1.0,0.01,1.0,0.7,0.786,0.07,6.22,65.12,1396.2664861679077
10000,1.0,0.01,1.0,0.7,0.786,0.1,6.32,57.23,1411.74152469635
10000,1.0,0.01,1.0,0.7,0.618,0.01,5.44,79.17,1433.3383152484894
10000,1.0,0.01,1.0,0.7,0.618,0.03,6.94,80.83,1454.5965173244476
10000,1.0,0.01,1.0,0.7,0.618,0.05,8.69,90.62,1476.8923780918121
10000,1.0,0.01,1.0,0.7,0.618,0.07,7.12,88.44,1499.5444412231445
10000,1.0,0.01,1.0,0.7,0.618,0.1,5.05,64.39,1517.9710721969604
10000,1.0,0.01,1.0,0.7,0.5,0.01,6.97,83.38,1540.7573926448822
10000,1.0,0.01,1.0,0.7,0.5,0.03,9.75,83.65,1562.7856030464172
10000,1.0,0.01,1.0,0.7,0.5,0.05,5.96,86.72,1586.5328142642975
10000,1.0,0.01,1.0,0.7,0.5,0.07,9.63,94.43,1612.3495037555695
10000,1.0,0.01,1.0,0.7,0.5,0.1,7.02,89.72,1637.7116856575012
10000,1.0,0.01,1.0,0.7,0.382,0.01,7.21,91.36,1662.2585043907166
10000,1.0,0.01,1.0,0.7,0.382,0.03,5.12,74.01,1684.9605729579926
10000,1.0,0.01,1.0,0.7,0.382,0.05,6.31,88.51,1709.1698603630066
10000,1.0,0.01,1.0,0.7,0.382,0.07,2.65,92.57,1733.3277432918549
10000,1.0,0.01,1.0,0.7,0.382,0.1,7.34,83.9,1757.3220789432526
10000,1.0,0.01,1.0,0.7,0.2,0.01,9.94,92.22,1781.7001676559448
10000,1.0,0.01,1.0,0.7,0.2,0.03,9.88,90.91,1806.9123034477234
10000,1.0,0.01,1.0,0.7,0.2,0.05,10.1,90.42,1831.459820985794
10000,1.0,0.01,1.0,0.7,0.2,0.07,8.78,92.93,1857.0983877182007
10000,1.0,0.01,1.0,0.7,0.2,0.1,7.44,84.66,1882.0798256397247
10000,1.0,0.01,1.0,0.7,0.1,0.01,2.42,88.03,1907.280592918396
10000,1.0,0.01,1.0,0.7,0.1,0.03,9.65,87.62,1932.0149891376495
10000,1.0,0.01,1.0,0.7,0.1,0.05,6.37,88.18,1957.178706407547
10000,1.0,0.01,1.0,0.7,0.1,0.07,8.33,87.22,1982.2983055114746
10000,1.0,0.01,1.0,0.7,0.1,0.1,6.45,90.21,2007.695161819458
10000,1.0,0.01,1.0,0.8,0.9,0.01,4.6,58.15,2024.511672258377
10000,1.0,0.01,1.0,0.8,0.9,0.03,4.85,53.58,2039.0771346092224
10000,1.0,0.01,1.0,0.8,0.9,0.05,5.89,55.82,2052.5312077999115
10000,1.0,0.01,1.0,0.8,0.9,0.07,6.79,47.1,2064.5257873535156
10000,1.0,0.01,1.0,0.8,0.9,0.1,6.52,53.75,2076.9421133995056
10000,1.0,0.01,1.0,0.8,0.786,0.01,5.53,91.88,2102.1054577827454
10000,1.0,0.01,1.0,0.8,0.786,0.03,5.51,75.48,2123.837718963623
10000,1.0,0.01,1.0,0.8,0.786,0.05,7.65,66.79,2144.092505455017
10000,1.0,0.01,1.0,0.8,0.786,0.07,7.62,83.28,2167.093002319336
10000,1.0,0.01,1.0,0.8,0.786,0.1,5.75,78.34,2188.9247126579285
10000,1.0,0.01,1.0,0.8,0.618,0.01,2.84,80.67,2213.869545698166
10000,1.0,0.01,1.0,0.8,0.618,0.03,0,99.0,2239.9638907909393
10000,1.0,0.01,1.0,0.8,0.618,0.05,3.39,89.05,2264.279095888138
10000,1.0,0.01,1.0,0.8,0.618,0.07,8.75,87.77,2288.7581555843353
10000,1.0,0.01,1.0,0.8,0.618,0.1,7.22,88.54,2312.7464396953583
10000,1.0,0.01,1.0,0.8,0.5,0.01,0,99.0,2339.146680831909
10000,1.0,0.01,1.0,0.8,0.5,0.03,5.06,78.18,2363.748230934143
10000,1.0,0.01,1.0,0.8,0.5,0.05,1.96,87.53,2388.157013654709
10000,1.0,0.01,1.0,0.8,0.5,0.07,5.64,84.46,2412.3422904014587
10000,1.0,0.01,1.0,0.8,0.5,0.1,4.44,84.04,2436.637678861618
10000,1.0,0.01,1.0,0.8,0.382,0.01,4.49,91.06,2462.56050825119
10000,1.0,0.01,1.0,0.8,0.382,0.03,5.24,83.3,2486.497475862503
10000,1.0,0.01,1.0,0.8,0.382,0.05,6.18,95.62,2511.968872308731
10000,1.0,0.01,1.0,0.8,0.382,0.07,8.0,89.9,2537.7278032302856
10000,1.0,0.01,1.0,0.8,0.382,0.1,7.87,89.55,2562.606166124344
10000,1.0,0.01,1.0,0.8,0.2,0.01,8.71,91.07,2587.8936562538147
10000,1.0,0.01,1.0,0.8,0.2,0.03,6.89,89.89,2612.7822811603546
10000,1.0,0.01,1.0,0.8,0.2,0.05,10.0,98.45,2639.186006784439
10000,1.0,0.01,1.0,0.8,0.2,0.07,8.71,88.62,2664.105976819992
10000,1.0,0.01,1.0,0.8,0.2,0.1,4.4,92.39,2689.844356060028
10000,1.0,0.01,1.0,0.8,0.1,0.01,6.15,86.81,2715.1683356761932
10000,1.0,0.01,1.0,0.8,0.1,0.03,11.14,98.1,2741.7346596717834
10000,1.0,0.01,1.0,0.8,0.1,0.05,7.17,94.05,2767.8465361595154
10000,1.0,0.01,1.0,0.8,0.1,0.07,5.6,92.3,2794.308976173401
10000,1.0,0.01,1.0,0.8,0.1,0.1,10.93,95.75,2820.2475097179413
10000,1.0,0.01,1.0,0.9,0.9,0.01,2.63,85.66,2840.6393430233
10000,1.0,0.01,1.0,0.9,0.9,0.03,6.52,69.51,2859.2398924827576
10000,1.0,0.01,1.0,0.9,0.9,0.05,4.32,61.16,2874.987959623337
10000,1.0,0.01,1.0,0.9,0.9,0.07,4.6,68.85,2891.4681861400604
10000,1.0,0.01,1.0,0.9,0.9,0.1,6.16,67.47,2908.3268072605133
10000,1.0,0.01,1.0,0.9,0.786,0.01,4.82,89.05,2933.4159283638
10000,1.0,0.01,1.0,0.9,0.786,0.03,7.48,81.82,2956.937495470047
10000,1.0,0.01,1.0,0.9,0.786,0.05,4.53,80.21,2980.836656332016
10000,1.0,0.01,1.0,0.9,0.786,0.07,6.31,88.2,3006.2664906978607
10000,1.0,0.01,1.0,0.9,0.786,0.1,9.56,93.52,3030.754170179367
10000,1.0,0.01,1.0,0.9,0.618,0.01,7.69,83.13,3055.949547767639
10000,1.0,0.01,1.0,0.9,0.618,0.03,7.34,86.63,3080.665724992752
10000,1.0,0.01,1.0,0.9,0.618,0.05,8.79,95.76,3107.248729944229
10000,1.0,0.01,1.0,0.9,0.618,0.07,12.75,97.81,3133.3228521347046
10000,1.0,0.01,1.0,0.9,0.618,0.1,5.94,85.93,3157.7793440818787
10000,1.0,0.01,1.0,0.9,0.5,0.01,7.06,90.05,3183.6035113334656
10000,1.0,0.01,1.0,0.9,0.5,0.03,7.81,87.68,3208.7902824878693
10000,1.0,0.01,1.0,0.9,0.5,0.05,6.8,88.72,3233.5085163116455
10000,1.0,0.01,1.0,0.9,0.5,0.07,6.71,91.16,3259.1872968673706
10000,1.0,0.01,1.0,0.9,0.5,0.1,8.28,87.14,3284.0980978012085
10000,1.0,0.01,1.0,0.9,0.382,0.01,3.99,85.48,3309.253135204315
10000,1.0,0.01,1.0,0.9,0.382,0.03,5.61,95.79,3335.2875711917877
10000,1.0,0.01,1.0,0.9,0.382,0.05,7.44,88.27,3359.7581458091736
10000,1.0,0.01,1.0,0.9,0.382,0.07,9.4,93.16,3385.1263382434845
10000,1.0,0.01,1.0,0.9,0.382,0.1,8.35,93.77,3410.7041115760803
10000,1.0,0.01,1.0,0.9,0.2,0.01,6.6,78.85,3435.6360523700714
10000,1.0,0.01,1.0,0.9,0.2,0.03,7.33,93.36,3461.6214978694916
10000,1.0,0.01,1.0,0.9,0.2,0.05,4.18,87.04,3486.705376625061
10000,1.0,0.01,1.0,0.9,0.2,0.07,4.74,94.65,3512.1420500278473
10000,1.0,0.01,1.0,0.9,0.2,0.1,7.96,90.14,3537.903647184372
10000,1.0,0.01,1.0,0.9,0.1,0.01,10.04,94.11,3563.5547156333923
10000,1.0,0.01,1.0,0.9,0.1,0.03,6.33,85.36,3588.094707250595
10000,1.0,0.01,1.0,0.9,0.1,0.05,6.9,68.74,3609.88073015213
10000,1.0,0.01,1.0,0.9,0.1,0.07,5.88,84.57,3635.382407426834
10000,1.0,0.01,1.0,0.9,0.1,0.1,9.61,90.13,3660.6579673290253
20000,1.0,0.01,1.0,0.5,0.9,0.01,5.46,16.62,3675.579154729843
20000,1.0,0.01,1.0,0.5,0.9,0.03,6.03,15.53,3689.4606199264526
20000,1.0,0.01,1.0,0.5,0.9,0.05,6.56,18.48,3703.5064494609833
20000,1.0,0.01,1.0,0.5,0.9,0.07,6.06,15.25,3717.11057472229
20000,1.0,0.01,1.0,0.5,0.9,0.1,6.27,16.33,3730.7861328125
20000,1.0,0.01,1.0,0.5,0.786,0.01,7.15,51.34,3762.68590092659
20000,1.0,0.01,1.0,0.5,0.786,0.03,6.56,36.1,3788.847896337509
20000,1.0,0.01,1.0,0.5,0.786,0.05,6.7,48.01,3816.1797564029694
20000,1.0,0.01,1.0,0.5,0.786,0.07,6.24,29.73,3838.787870168686
20000,1.0,0.01,1.0,0.5,0.786,0.1,7.14,57.38,3866.7932131290436
20000,1.0,0.01,1.0,0.5,0.618,0.01,8.63,78.8,3913.484046936035
20000,1.0,0.01,1.0,0.5,0.618,0.03,8.07,73.41,3956.7675397396088
20000,1.0,0.01,1.0,0.5,0.618,0.05,10.28,87.02,4001.9460711479187
20000,1.0,0.01,1.0,0.5,0.618,0.07,6.69,62.88,4041.830118894577
20000,1.0,0.01,1.0,0.5,0.618,0.1,5.59,64.0,4082.19225025177
20000,1.0,0.01,1.0,0.5,0.5,0.01,8.13,69.69,4125.889295339584
20000,1.0,0.01,1.0,0.5,0.5,0.03,4.72,75.11,4171.004448890686
20000,1.0,0.01,1.0,0.5,0.5,0.05,7.95,75.88,4218.099658250809
20000,1.0,0.01,1.0,0.5,0.5,0.07,6.57,72.74,4263.339958667755
20000,1.0,0.01,1.0,0.5,0.5,0.1,8.28,71.53,4306.378010034561
20000,1.0,0.01,1.0,0.5,0.382,0.01,6.42,76.9,4354.815485239029
20000,1.0,0.01,1.0,0.5,0.382,0.03,5.46,67.41,4399.1587703228
20000,1.0,0.01,1.0,0.5,0.382,0.05,7.16,88.64,4449.130311250687
20000,1.0,0.01,1.0,0.5,0.382,0.07,6.0,73.41,4494.512856245041
20000,1.0,0.01,1.0,0.5,0.382,0.1,13.45,98.3,4546.448574542999
20000,1.0,0.01,1.0,0.5,0.2,0.01,2.78,75.79,4593.842858791351
20000,1.0,0.01,1.0,0.5,0.2,0.03,6.45,90.29,4645.087967157364
20000,1.0,0.01,1.0,0.5,0.2,0.05,13.0,98.37,4698.036702871323
20000,1.0,0.01,1.0,0.5,0.2,0.07,8.65,88.21,4750.215120315552
20000,1.0,0.01,1.0,0.5,0.2,0.1,8.24,90.52,4801.969732284546
20000,1.0,0.01,1.0,0.5,0.1,0.01,5.08,93.15,4854.327337265015
20000,1.0,0.01,1.0,0.5,0.1,0.03,8.07,82.43,4904.788958072662
20000,1.0,0.01,1.0,0.5,0.1,0.05,6.43,90.94,4958.012001514435
20000,1.0,0.01,1.0,0.5,0.1,0.07,4.81,91.83,5009.415820121765
20000,1.0,0.01,1.0,0.5,0.1,0.1,7.27,84.5,5061.254607439041
20000,1.0,0.01,1.0,0.6,0.9,0.01,5.99,17.26,5077.994720220566
20000,1.0,0.01,1.0,0.6,0.9,0.03,6.35,24.92,5094.114995718002
20000,1.0,0.01,1.0,0.6,0.9,0.05,6.41,19.47,5108.5930869579315
20000,1.0,0.01,1.0,0.6,0.9,0.07,5.88,17.59,5122.880960702896
20000,1.0,0.01,1.0,0.6,0.9,0.1,6.16,35.63,5140.736619949341
20000,1.0,0.01,1.0,0.6,0.786,0.01,6.16,58.68,5176.352690935135
20000,1.0,0.01,1.0,0.6,0.786,0.03,5.52,52.08,5208.553820371628
20000,1.0,0.01,1.0,0.6,0.786,0.05,6.75,44.26,5238.190250635147
20000,1.0,0.01,1.0,0.6,0.786,0.07,5.97,40.01,5266.232466936111
20000,1.0,0.01,1.0,0.6,0.786,0.1,5.19,63.59,5300.023643016815
20000,1.0,0.01,1.0,0.6,0.618,0.01,5.29,82.01,5345.992532014847
20000,1.0,0.01,1.0,0.6,0.618,0.03,7.05,80.95,5390.751338720322
20000,1.0,0.01,1.0,0.6,0.618,0.05,8.18,90.39,5437.386919260025
20000,1.0,0.01,1.0,0.6,0.618,0.07,9.25,88.52,5483.502746343613
20000,1.0,0.01,1.0,0.6,0.618,0.1,5.5,79.21,5526.558585643768
20000,1.0,0.01,1.0,0.6,0.5,0.01,9.14,88.72,5576.446356534958
20000,1.0,0.01,1.0,0.6,0.5,0.03,5.96,78.14,5621.991087675095
20000,1.0,0.01,1.0,0.6,0.5,0.05,6.03,68.58,5665.219677448273
20000,1.0,0.01,1.0,0.6,0.5,0.07,5.59,80.26,5710.078139543533
20000,1.0,0.01,1.0,0.6,0.5,0.1,7.15,63.57,5751.486517906189
20000,1.0,0.01,1.0,0.6,0.382,0.01,11.31,95.41,5800.4863069057465
20000,1.0,0.01,1.0,0.6,0.382,0.03,9.98,88.39,5848.365986585617
20000,1.0,0.01,1.0,0.6,0.382,0.05,9.38,87.32,5895.612627744675
20000,1.0,0.01,1.0,0.6,0.382,0.07,6.5,90.29,5943.630694627762
20000,1.0,0.01,1.0,0.6,0.382,0.1,11.5,98.42,5991.828450679779
20000,1.0,0.01,1.0,0.6,0.2,0.01,9.26,92.8,6041.432462930679
20000,1.0,0.01,1.0,0.6,0.2,0.03,6.66,80.66,6089.081278085709
20000,1.0,0.01,1.0,0.6,0.2,0.05,6.18,87.13,6136.808027505875
20000,1.0,0.01,1.0,0.6,0.2,0.07,5.24,79.31,6182.826722621918
20000,1.0,0.01,1.0,0.6,0.2,0.1,10.84,95.1,6234.995536565781
20000,1.0,0.01,1.0,0.6,0.1,0.01,8.93,89.93,6284.877242803574
20000,1.0,0.01,1.0,0.6,0.1,0.03,0.52,91.99,6334.269289016724
20000,1.0,0.01,1.0,0.6,0.1,0.05,9.12,94.76,6385.228993654251
20000,1.0,0.01,1.0,0.6,0.1,0.07,10.68,97.67,6436.158838033676
20000,1.0,0.01,1.0,0.6,0.1,0.1,6.23,88.19,6485.250039100647
20000,1.0,0.01,1.0,0.7,0.9,0.01,5.63,37.83,6508.6583161354065
20000,1.0,0.01,1.0,0.7,0.9,0.03,6.11,20.66,6525.592164993286
20000,1.0,0.01,1.0,0.7,0.9,0.05,6.1,17.29,6540.468100309372
20000,1.0,0.01,1.0,0.7,0.9,0.07,6.37,18.71,6555.850239038467
20000,1.0,0.01,1.0,0.7,0.9,0.1,5.71,17.42,6570.217589855194
20000,1.0,0.01,1.0,0.7,0.786,0.01,6.86,73.41,6610.054374933243
20000,1.0,0.01,1.0,0.7,0.786,0.03,6.57,64.11,6647.951081752777
20000,1.0,0.01,1.0,0.7,0.786,0.05,6.51,55.17,6680.124924898148
20000,1.0,0.01,1.0,0.7,0.786,0.07,5.8,46.73,6710.091071844101
20000,1.0,0.01,1.0,0.7,0.786,0.1,5.49,62.12,6743.576722621918
20000,1.0,0.01,1.0,0.7,0.618,0.01,8.81,89.85,6793.794148921967
20000,1.0,0.01,1.0,0.7,0.618,0.03,7.95,72.33,6841.293694496155
20000,1.0,0.01,1.0,0.7,0.618,0.05,8.08,85.88,6889.561344623566
20000,1.0,0.01,1.0,0.7,0.618,0.07,5.83,85.96,6936.781151533127
20000,1.0,0.01,1.0,0.7,0.618,0.1,5.57,75.67,6981.925295352936
20000,1.0,0.01,1.0,0.7,0.5,0.01,6.85,77.2,7029.676752567291
20000,1.0,0.01,1.0,0.7,0.5,0.03,9.34,86.16,7077.454845428467
20000,1.0,0.01,1.0,0.7,0.5,0.05,6.71,75.7,7124.522824287415
20000,1.0,0.01,1.0,0.7,0.5,0.07,7.47,95.38,7173.618609666824
20000,1.0,0.01,1.0,0.7,0.5,0.1,8.22,90.89,7222.890725135803
20000,1.0,0.01,1.0,0.7,0.382,0.01,7.58,95.27,7273.418414354324
20000,1.0,0.01,1.0,0.7,0.382,0.03,5.19,73.97,7321.104480981827
20000,1.0,0.01,1.0,0.7,0.382,0.05,8.39,91.7,7373.106720209122
20000,1.0,0.01,1.0,0.7,0.382,0.07,9.04,92.88,7424.9111404418945
20000,1.0,0.01,1.0,0.7,0.382,0.1,4.08,81.23,7474.770866394043
20000,1.0,0.01,1.0,0.7,0.2,0.01,9.8,88.7,7525.992735624313
20000,1.0,0.01,1.0,0.7,0.2,0.03,6.58,76.05,7574.168794155121
20000,1.0,0.01,1.0,0.7,0.2,0.05,12.0,98.69,7627.8385190963745
20000,1.0,0.01,1.0,0.7,0.2,0.07,8.93,92.08,7678.528319597244
20000,1.0,0.01,1.0,0.7,0.2,0.1,0,99.0,7732.424273729324
20000,1.0,0.01,1.0,0.7,0.1,0.01,6.47,70.73,7778.451568841934
20000,1.0,0.01,1.0,0.7,0.1,0.03,2.24,85.03,7827.613468885422
20000,1.0,0.01,1.0,0.7,0.1,0.05,0,99.0,7880.076294660568
20000,1.0,0.01,1.0,0.7,0.1,0.07,8.19,91.52,7933.109095811844
20000,1.0,0.01,1.0,0.7,0.1,0.1,4.92,83.76,7982.412868022919
20000,1.0,0.01,1.0,0.8,0.9,0.01,5.58,36.48,8012.341717004776
20000,1.0,0.01,1.0,0.8,0.9,0.03,4.91,40.36,8038.588171482086
20000,1.0,0.01,1.0,0.8,0.9,0.05,5.72,41.46,8063.443456411362
20000,1.0,0.01,1.0,0.8,0.9,0.07,5.88,33.85,8088.387827396393
20000,1.0,0.01,1.0,0.8,0.9,0.1,5.64,46.29,8114.479591369629
20000,1.0,0.01,1.0,0.8,0.786,0.01,6.61,83.33,8160.627436637878
20000,1.0,0.01,1.0,0.8,0.786,0.03,4.98,88.2,8208.674537420273
20000,1.0,0.01,1.0,0.8,0.786,0.05,4.41,69.57,8251.569494247437
20000,1.0,0.01,1.0,0.8,0.786,0.07,7.23,78.05,8297.612261772156
20000,1.0,0.01,1.0,0.8,0.786,0.1,4.95,48.02,8335.183324098587
20000,1.0,0.01,1.0,0.8,0.618,0.01,8.57,92.78,8386.849600076675
20000,1.0,0.01,1.0,0.8,0.618,0.03,7.67,87.94,8436.98537015915
20000,1.0,0.01,1.0,0.8,0.618,0.05,4.78,88.42,8488.783679008484
20000,1.0,0.01,1.0,0.8,0.618,0.07,6.71,71.53,8535.17207813263
20000,1.0,0.01,1.0,0.8,0.618,0.1,8.21,94.78,8585.968783378601
20000,1.0,0.01,1.0,0.8,0.5,0.01,3.82,90.34,8638.767835617065
20000,1.0,0.01,1.0,0.8,0.5,0.03,6.78,86.74,8690.029927015305
20000,1.0,0.01,1.0,0.8,0.5,0.05,5.57,82.78,8739.040006875992
20000,1.0,0.01,1.0,0.8,0.5,0.07,6.3,88.02,8789.983154773712
20000,1.0,0.01,1.0,0.8,0.5,0.1,6.92,86.34,8841.140887022018
20000,1.0,0.01,1.0,0.8,0.382,0.01,5.39,90.69,8894.417097330093
20000,1.0,0.01,1.0,0.8,0.382,0.03,6.21,92.93,8946.219163656235
20000,1.0,0.01,1.0,0.8,0.382,0.05,8.28,90.32,8996.246942520142
20000,1.0,0.01,1.0,0.8,0.382,0.07,8.76,91.25,9045.509975671768
20000,1.0,0.01,1.0,0.8,0.382,0.1,9.73,94.32,9097.619481801987
20000,1.0,0.01,1.0,0.8,0.2,0.01,11.5,97.76,9151.771942138672
20000,1.0,0.01,1.0,0.8,0.2,0.03,4.61,94.03,9204.174442529678
20000,1.0,0.01,1.0,0.8,0.2,0.05,6.2,89.72,9254.531478404999
20000,1.0,0.01,1.0,0.8,0.2,0.07,5.73,82.36,9304.629245758057
20000,1.0,0.01,1.0,0.8,0.2,0.1,9.02,96.04,9357.278141736984
20000,1.0,0.01,1.0,0.8,0.1,0.01,4.69,77.93,9406.843171358109
20000,1.0,0.01,1.0,0.8,0.1,0.03,4.48,84.45,9456.51579618454
20000,1.0,0.01,1.0,0.8,0.1,0.05,7.57,88.76,9508.530101299286
20000,1.0,0.01,1.0,0.8,0.1,0.07,9.83,91.49,9561.23193025589
20000,1.0,0.01,1.0,0.8,0.1,0.1,5.81,89.24,9613.83933877945
20000,1.0,0.01,1.0,0.9,0.9,0.01,6.34,73.26,9653.125676870346
20000,1.0,0.01,1.0,0.9,0.9,0.03,6.58,78.14,9692.931586027145
20000,1.0,0.01,1.0,0.9,0.9,0.05,6.92,85.9,9735.105539798737
20000,1.0,0.01,1.0,0.9,0.9,0.07,8.41,83.0,9776.467868566513
20000,1.0,0.01,1.0,0.9,0.9,0.1,6.67,67.91,9813.008274555206
20000,1.0,0.01,1.0,0.9,0.786,0.01,5.79,74.17,9858.849670171738
20000,1.0,0.01,1.0,0.9,0.786,0.03,5.46,69.01,9902.656921386719
20000,1.0,0.01,1.0,0.9,0.786,0.05,5.26,78.86,9950.688745737076
20000,1.0,0.01,1.0,0.9,0.786,0.07,6.38,59.56,9994.220800876617
20000,1.0,0.01,1.0,0.9,0.786,0.1,7.0,81.74,10041.224822044373
20000,1.0,0.01,1.0,0.9,0.618,0.01,12.53,95.89,10093.512253284454
20000,1.0,0.01,1.0,0.9,0.618,0.03,8.27,96.45,10145.670604467392
20000,1.0,0.01,1.0,0.9,0.618,0.05,0.01,89.89,10195.56292796135
20000,1.0,0.01,1.0,0.9,0.618,0.07,5.35,93.56,10246.901413202286
20000,1.0,0.01,1.0,0.9,0.618,0.1,10.12,97.28,10298.112822055817
20000,1.0,0.01,1.0,0.9,0.5,0.01,5.64,80.92,10347.278547048569
20000,1.0,0.01,1.0,0.9,0.5,0.03,7.89,84.95,10396.513690710068
20000,1.0,0.01,1.0,0.9,0.5,0.05,0,99.0,10452.333664655685
20000,1.0,0.01,1.0,0.9,0.5,0.07,6.08,87.76,10503.324996948242
20000,1.0,0.01,1.0,0.9,0.5,0.1,6.27,88.34,10553.1973259449
20000,1.0,0.01,1.0,0.9,0.382,0.01,8.89,97.82,10607.142825365067
20000,1.0,0.01,1.0,0.9,0.382,0.03,8.16,87.63,10657.95620918274
20000,1.0,0.01,1.0,0.9,0.382,0.05,8.21,94.22,10711.048112869263
20000,1.0,0.01,1.0,0.9,0.382,0.07,6.27,84.2,10759.723276138306
20000,1.0,0.01,1.0,0.9,0.382,0.1,12.19,96.86,10812.606330871582
20000,1.0,0.01,1.0,0.9,0.2,0.01,7.91,95.57,10866.10853934288
20000,1.0,0.01,1.0,0.9,0.2,0.03,7.54,87.39,10917.480642795563
20000,1.0,0.01,1.0,0.9,0.2,0.05,0,99.0,10971.538054227829
20000,1.0,0.01,1.0,0.9,0.2,0.07,6.23,86.44,11022.05479979515
20000,1.0,0.01,1.0,0.9,0.2,0.1,3.7,89.71,11073.180270910263
20000,1.0,0.01,1.0,0.9,0.1,0.01,5.46,86.27,11123.620454788208
20000,1.0,0.01,1.0,0.9,0.1,0.03,8.1,88.69,11174.96779513359
20000,1.0,0.01,1.0,0.9,0.1,0.05,4.88,77.04,11224.032480478287
20000,1.0,0.01,1.0,0.9,0.1,0.07,1.96,87.6,11274.981679439545
20000,1.0,0.01,1.0,0.9,0.1,0.1,13.14,97.48,11328.239339828491
30000,1.0,0.01,1.0,0.5,0.9,0.01,5.95,15.59,11352.431973457336
30000,1.0,0.01,1.0,0.5,0.9,0.03,6.3,14.7,11374.867363929749
30000,1.0,0.01,1.0,0.5,0.9,0.05,6.68,15.72,11397.61106300354
30000,1.0,0.01,1.0,0.5,0.9,0.07,6.12,14.88,11419.946149110794
30000,1.0,0.01,1.0,0.5,0.9,0.1,5.92,17.35,11443.505852937698
30000,1.0,0.01,1.0,0.5,0.786,0.01,6.81,59.14,11493.064010381699
30000,1.0,0.01,1.0,0.5,0.786,0.03,6.12,39.95,11533.974054574966
30000,1.0,0.01,1.0,0.5,0.786,0.05,6.04,46.54,11577.297915935516
30000,1.0,0.01,1.0,0.5,0.786,0.07,7.23,51.2,11621.266393661499
30000,1.0,0.01,1.0,0.5,0.786,0.1,6.57,41.25,11663.493560314178
30000,1.0,0.01,1.0,0.5,0.618,0.01,6.53,78.39,11729.452980995178
30000,1.0,0.01,1.0,0.5,0.618,0.03,4.32,80.3,11792.472041845322
30000,1.0,0.01,1.0,0.5,0.618,0.05,5.43,57.17,11850.228335380554
30000,1.0,0.01,1.0,0.5,0.618,0.07,6.51,79.48,11914.055946826935
30000,1.0,0.01,1.0,0.5,0.618,0.1,9.47,84.81,11980.194856405258
30000,1.0,0.01,1.0,0.5,0.5,0.01,6.45,70.04,12044.698730945587
30000,1.0,0.01,1.0,0.5,0.5,0.03,6.9,74.46,12110.259085416794
30000,1.0,0.01,1.0,0.5,0.5,0.05,5.65,60.78,12172.855217933655
30000,1.0,0.01,1.0,0.5,0.5,0.07,8.03,84.68,12242.837747812271
30000,1.0,0.01,1.0,0.5,0.5,0.1,6.88,64.78,12305.83282160759
30000,1.0,0.01,1.0,0.5,0.382,0.01,8.41,85.71,12378.830283403397
30000,1.0,0.01,1.0,0.5,0.382,0.03,8.28,80.43,12448.76001381874
30000,1.0,0.01,1.0,0.5,0.382,0.05,7.26,93.61,12522.378766536713
30000,1.0,0.01,1.0,0.5,0.382,0.07,4.82,90.6,12593.881653547287
30000,1.0,0.01,1.0,0.5,0.382,0.1,3.63,87.54,12666.971587181091
30000,1.0,0.01,1.0,0.5,0.2,0.01,5.62,89.55,12740.215570688248
30000,1.0,0.01,1.0,0.5,0.2,0.03,3.55,86.72,12812.209612369537
30000,1.0,0.01,1.0,0.5,0.2,0.05,5.02,83.57,12883.36231470108
30000,1.0,0.01,1.0,0.5,0.2,0.07,3.2,87.76,12955.779686689377
30000,1.0,0.01,1.0,0.5,0.2,0.1,5.87,79.87,13024.901518583298
30000,1.0,0.01,1.0,0.5,0.1,0.01,7.73,91.32,13097.630959749222
30000,1.0,0.01,1.0,0.5,0.1,0.03,7.52,87.21,13167.335368394852
30000,1.0,0.01,1.0,0.5,0.1,0.05,8.47,87.19,13239.9069814682
30000,1.0,0.01,1.0,0.5,0.1,0.07,0,99.0,13315.397615909576
30000,1.0,0.01,1.0,0.5,0.1,0.1,4.22,68.93,13382.678227186203
30000,1.0,0.01,1.0,0.6,0.9,0.01,6.22,18.26,13407.21949338913
30000,1.0,0.01,1.0,0.6,0.9,0.03,5.87,18.45,13430.279252052307
30000,1.0,0.01,1.0,0.6,0.9,0.05,6.39,18.26,13452.722306013107
30000,1.0,0.01,1.0,0.6,0.9,0.07,5.28,23.85,13476.991508483887
30000,1.0,0.01,1.0,0.6,0.9,0.1,6.11,17.29,13499.169265031815
30000,1.0,0.01,1.0,0.6,0.786,0.01,7.22,70.87,13554.044937849045
30000,1.0,0.01,1.0,0.6,0.786,0.03,7.56,61.48,13602.91641831398
30000,1.0,0.01,1.0,0.6,0.786,0.05,6.11,52.36,13648.036463975906
30000,1.0,0.01,1.0,0.6,0.786,0.07,6.33,52.36,13696.471261024475
30000,1.0,0.01,1.0,0.6,0.786,0.1,5.42,40.25,13739.062235116959
30000,1.0,0.01,1.0,0.6,0.618,0.01,7.63,77.65,13805.235904693604
30000,1.0,0.01,1.0,0.6,0.618,0.03,6.01,67.19,13866.576560258865
30000,1.0,0.01,1.0,0.6,0.618,0.05,6.71,77.06,13929.859720468521
30000,1.0,0.01,1.0,0.6,0.618,0.07,5.62,71.79,13991.610617399216
30000,1.0,0.01,1.0,0.6,0.618,0.1,8.72,81.86,14055.279578924179
30000,1.0,0.01,1.0,0.6,0.5,0.01,8.58,78.57,14121.115515232086
30000,1.0,0.01,1.0,0.6,0.5,0.03,7.38,86.0,14189.155257463455
30000,1.0,0.01,1.0,0.6,0.5,0.05,3.31,72.23,14254.962497472763
30000,1.0,0.01,1.0,0.6,0.5,0.07,6.65,72.38,14319.671922206879
30000,1.0,0.01,1.0,0.6,0.5,0.1,7.28,76.4,14384.994785308838
30000,1.0,0.01,1.0,0.6,0.382,0.01,6.63,76.73,14451.553883314133
30000,1.0,0.01,1.0,0.6,0.382,0.03,7.79,87.7,14522.003200769424
30000,1.0,0.01,1.0,0.6,0.382,0.05,8.19,83.56,14591.609394788742
30000,1.0,0.01,1.0,0.6,0.382,0.07,10.17,92.02,14664.940490722656
30000,1.0,0.01,1.0,0.6,0.382,0.1,9.53,89.25,14736.736045122147
30000,1.0,0.01,1.0,0.6,0.2,0.01,7.91,95.29,14811.315308094025
30000,1.0,0.01,1.0,0.6,0.2,0.03,4.1,70.36,14878.81186413765
30000,1.0,0.01,1.0,0.6,0.2,0.05,6.15,83.54,14949.548727273941
30000,1.0,0.01,1.0,0.6,0.2,0.07,9.91,93.14,15023.928869247437
30000,1.0,0.01,1.0,0.6,0.2,0.1,2.47,92.43,15097.620948314667
30000,1.0,0.01,1.0,0.6,0.1,0.01,0,99.0,15173.781840324402
30000,1.0,0.01,1.0,0.6,0.1,0.03,5.96,82.01,15244.580105543137
30000,1.0,0.01,1.0,0.6,0.1,0.05,3.02,88.51,15316.152026414871
30000,1.0,0.01,1.0,0.6,0.1,0.07,7.15,91.89,15390.112151145935
30000,1.0,0.01,1.0,0.6,0.1,0.1,4.3,87.39,15463.112196922302
30000,1.0,0.01,1.0,0.7,0.9,0.01,6.04,25.26,15495.047864437103
30000,1.0,0.01,1.0,0.7,0.9,0.03,5.75,20.87,15520.639001369476
30000,1.0,0.01,1.0,0.7,0.9,0.05,6.06,23.89,15547.245891332626
30000,1.0,0.01,1.0,0.7,0.9,0.07,5.89,23.06,15574.102727413177
30000,1.0,0.01,1.0,0.7,0.9,0.1,6.51,24.36,15599.403879880905
30000,1.0,0.01,1.0,0.7,0.786,0.01,5.97,64.7,15653.18286371231
30000,1.0,0.01,1.0,0.7,0.786,0.03,5.71,60.99,15710.516266584396
30000,1.0,0.01,1.0,0.7,0.786,0.05,5.82,55.36,15762.830443620682
30000,1.0,0.01,1.0,0.7,0.786,0.07,8.18,78.13,15822.104140043259
30000,1.0,0.01,1.0,0.7,0.786,0.1,6.29,46.78,15868.370448827744
30000,1.0,0.01,1.0,0.7,0.618,0.01,3.16,77.15,15934.164366960526
30000,1.0,0.01,1.0,0.7,0.618,0.03,9.05,89.25,16003.179459095001
30000,1.0,0.01,1.0,0.7,0.618,0.05,5.47,58.54,16063.553621292114
30000,1.0,0.01,1.0,0.7,0.618,0.07,7.54,89.17,16133.462500333786
30000,1.0,0.01,1.0,0.7,0.618,0.1,7.15,87.25,16200.939549684525
30000,1.0,0.01,1.0,0.7,0.5,0.01,8.02,91.9,16273.509854316711
30000,1.0,0.01,1.0,0.7,0.5,0.03,6.5,81.61,16344.070028305054
30000,1.0,0.01,1.0,0.7,0.5,0.05,11.22,98.43,16415.56715106964
30000,1.0,0.01,1.0,0.7,0.5,0.07,4.17,72.23,16481.95213651657
30000,1.0,0.01,1.0,0.7,0.5,0.1,6.97,78.21,16548.07776737213
30000,1.0,0.01,1.0,0.7,0.382,0.01,6.24,70.13,16613.43083667755
30000,1.0,0.01,1.0,0.7,0.382,0.03,3.66,77.41,16683.30161547661
30000,1.0,0.01,1.0,0.7,0.382,0.05,6.72,78.95,16752.594863414764
30000,1.0,0.01,1.0,0.7,0.382,0.07,6.23,74.1,16820.438486099243
30000,1.0,0.01,1.0,0.7,0.382,0.1,6.69,89.37,16890.96185684204
30000,1.0,0.01,1.0,0.7,0.2,0.01,10.6,96.39,16966.02402997017
30000,1.0,0.01,1.0,0.7,0.2,0.03,7.32,91.82,17038.89478302002
30000,1.0,0.01,1.0,0.7,0.2,0.05,-3.14,92.87,17112.206886291504
30000,1.0,0.01,1.0,0.7,0.2,0.07,7.66,92.06,17186.060483455658
30000,1.0,0.01,1.0,0.7,0.2,0.1,7.57,91.91,17258.943424224854
30000,1.0,0.01,1.0,0.7,0.1,0.01,8.49,82.1,17329.10214805603
30000,1.0,0.01,1.0,0.7,0.1,0.03,12.81,97.83,17404.20615172386
30000,1.0,0.01,1.0,0.7,0.1,0.05,0,99.0,17480.348140001297
30000,1.0,0.01,1.0,0.7,0.1,0.07,7.74,90.29,17553.572644472122
30000,1.0,0.01,1.0,0.7,0.1,0.1,9.13,91.32,17627.198734283447
30000,1.0,0.01,1.0,0.8,0.9,0.01,6.27,37.97,17669.315238952637
30000,1.0,0.01,1.0,0.8,0.9,0.03,5.94,47.67,17710.762771606445
30000,1.0,0.01,1.0,0.8,0.9,0.05,6.01,59.09,17754.88061285019
30000,1.0,0.01,1.0,0.8,0.9,0.07,8.07,56.23,17799.432684898376
30000,1.0,0.01,1.0,0.8,0.9,0.1,6.05,52.19,17839.588408470154
30000,1.0,0.01,1.0,0.8,0.786,0.01,6.75,71.7,17905.092869758606
30000,1.0,0.01,1.0,0.8,0.786,0.03,8.77,92.44,17975.639837503433
30000,1.0,0.01,1.0,0.8,0.786,0.05,7.12,70.27,18036.414981126785
30000,1.0,0.01,1.0,0.8,0.786,0.07,7.13,62.09,18093.220962285995
30000,1.0,0.01,1.0,0.8,0.786,0.1,8.9,92.49,18160.12967467308
30000,1.0,0.01,1.0,0.8,0.618,0.01,8.8,89.67,18232.91079902649
30000,1.0,0.01,1.0,0.8,0.618,0.03,6.14,81.47,18302.281284570694
30000,1.0,0.01,1.0,0.8,0.618,0.05,7.32,81.48,18371.567280054092
30000,1.0,0.01,1.0,0.8,0.618,0.07,5.18,79.04,18440.223403930664
30000,1.0,0.01,1.0,0.8,0.618,0.1,2.54,82.6,18509.15467262268
30000,1.0,0.01,1.0,0.8,0.5,0.01,5.08,72.63,18575.58187842369
30000,1.0,0.01,1.0,0.8,0.5,0.03,7.15,82.39,18645.1082072258
30000,1.0,0.01,1.0,0.8,0.5,0.05,5.88,87.91,18715.89493727684
30000,1.0,0.01,1.0,0.8,0.5,0.07,6.34,89.13,18787.643444538116
30000,1.0,0.01,1.0,0.8,0.5,0.1,7.93,79.92,18856.358322620392
30000,1.0,0.01,1.0,0.8,0.382,0.01,7.2,82.7,18928.74370598793
30000,1.0,0.01,1.0,0.8,0.382,0.03,8.92,91.08,19003.597984790802
30000,1.0,0.01,1.0,0.8,0.382,0.05,0,99.0,19081.81551885605
30000,1.0,0.01,1.0,0.8,0.382,0.07,4.13,76.88,19153.179706573486
30000,1.0,0.01,1.0,0.8,0.382,0.1,6.98,90.18,19227.765632152557
30000,1.0,0.01,1.0,0.8,0.2,0.01,6.05,94.3,19304.714277267456
30000,1.0,0.01,1.0,0.8,0.2,0.03,7.25,88.81,19379.92319369316
30000,1.0,0.01,1.0,0.8,0.2,0.05,6.07,78.55,19450.772419452667
30000,1.0,0.01,1.0,0.8,0.2,0.07,5.2,85.2,19524.367785215378
30000,1.0,0.01,1.0,0.8,0.2,0.1,7.66,83.45,19595.64626955986
30000,1.0,0.01,1.0,0.8,0.1,0.01,6.46,85.96,19669.920414209366
30000,1.0,0.01,1.0,0.8,0.1,0.03,4.73,87.14,19744.337430000305
30000,1.0,0.01,1.0,0.8,0.1,0.05,9.0,86.3,19817.823227882385
30000,1.0,0.01,1.0,0.8,0.1,0.07,7.58,88.89,19892.397291898727
30000,1.0,0.01,1.0,0.8,0.1,0.1,10.39,97.85,19970.551795482635
30000,1.0,0.01,1.0,0.9,0.9,0.01,3.27,56.21,20027.39224743843
30000,1.0,0.01,1.0,0.9,0.9,0.03,8.01,72.38,20087.55974316597
30000,1.0,0.01,1.0,0.9,0.9,0.05,6.07,68.39,20145.84640812874
30000,1.0,0.01,1.0,0.9,0.9,0.07,6.14,77.72,20206.631525993347
30000,1.0,0.01,1.0,0.9,0.9,0.1,6.57,74.87,20265.840008974075
30000,1.0,0.01,1.0,0.9,0.786,0.01,6.75,74.77,20334.22795701027
30000,1.0,0.01,1.0,0.9,0.786,0.03,5.94,77.68,20402.624469280243
30000,1.0,0.01,1.0,0.9,0.786,0.05,9.68,93.0,20474.046220541
30000,1.0,0.01,1.0,0.9,0.786,0.07,8.41,84.86,20545.75032401085
30000,1.0,0.01,1.0,0.9,0.786,0.1,7.3,80.98,20615.307863473892
30000,1.0,0.01,1.0,0.9,0.618,0.01,7.19,90.32,20690.200778007507
30000,1.0,0.01,1.0,0.9,0.618,0.03,8.02,92.06,20766.547135591507
30000,1.0,0.01,1.0,0.9,0.618,0.05,10.31,95.48,20841.473060131073
30000,1.0,0.01,1.0,0.9,0.618,0.07,7.06,74.62,20910.40279316902
30000,1.0,0.01,1.0,0.9,0.618,0.1,7.91,92.12,20984.441035747528
30000,1.0,0.01,1.0,0.9,0.5,0.01,5.37,85.84,21057.531141519547
30000,1.0,0.01,1.0,0.9,0.5,0.03,5.41,86.76,21132.40559744835
30000,1.0,0.01,1.0,0.9,0.5,0.05,4.21,92.05,21208.572339773178
30000,1.0,0.01,1.0,0.9,0.5,0.07,8.97,88.79,21283.167212486267
30000,1.0,0.01,1.0,0.9,0.5,0.1,6.35,81.49,21356.993797779083
30000,1.0,0.01,1.0,0.9,0.382,0.01,7.71,94.23,21434.098474025726
30000,1.0,0.01,1.0,0.9,0.382,0.03,6.39,85.09,21507.131054401398
30000,1.0,0.01,1.0,0.9,0.382,0.05,9.15,90.43,21580.950217962265
30000,1.0,0.01,1.0,0.9,0.382,0.07,8.58,92.68,21655.95196413994
30000,1.0,0.01,1.0,0.9,0.382,0.1,12.22,97.0,21732.523554325104
30000,1.0,0.01,1.0,0.9,0.2,0.01,9.4,96.38,21809.358921289444
30000,1.0,0.01,1.0,0.9,0.2,0.03,10.7,94.29,21886.550628900528
30000,1.0,0.01,1.0,0.9,0.2,0.05,9.21,96.04,21962.107714891434
30000,1.0,0.01,1.0,0.9,0.2,0.07,8.05,85.48,22035.703555345535
30000,1.0,0.01,1.0,0.9,0.2,0.1,5.1,85.0,22109.146936416626
30000,1.0,0.01,1.0,0.9,0.1,0.01,5.54,84.13,22181.41496348381
30000,1.0,0.01,1.0,0.9,0.1,0.03,8.19,97.12,22258.517746448517
30000,1.0,0.01,1.0,0.9,0.1,0.05,3.72,91.03,22332.73493719101
30000,1.0,0.01,1.0,0.9,0.1,0.07,0,99.0,22410.019609451294
30000,1.0,0.01,1.0,0.9,0.1,0.1,7.66,95.53,22485.602015972137
40000,1.0,0.01,1.0,0.5,0.9,0.01,5.84,17.31,22520.786875009537
40000,1.0,0.01,1.0,0.5,0.9,0.03,5.91,19.03,22555.86175918579
40000,1.0,0.01,1.0,0.5,0.9,0.05,6.19,16.84,22589.882269382477
40000,1.0,0.01,1.0,0.5,0.9,0.07,6.6,18.15,22623.45167374611
40000,1.0,0.01,1.0,0.5,0.9,0.1,6.49,19.64,22657.77495408058
40000,1.0,0.01,1.0,0.5,0.786,0.01,7.19,38.65,22717.417337417603
40000,1.0,0.01,1.0,0.5,0.786,0.03,6.02,46.82,22775.215413570404
40000,1.0,0.01,1.0,0.5,0.786,0.05,6.76,53.53,22833.85938644409
40000,1.0,0.01,1.0,0.5,0.786,0.07,6.26,37.16,22886.298724889755
40000,1.0,0.01,1.0,0.5,0.786,0.1,6.18,48.3,22943.79417681694
40000,1.0,0.01,1.0,0.5,0.618,0.01,5.77,64.86,23023.520230293274
40000,1.0,0.01,1.0,0.5,0.618,0.03,6.52,66.22,23105.1472864151
40000,1.0,0.01,1.0,0.5,0.618,0.05,7.69,72.29,23188.65844130516
40000,1.0,0.01,1.0,0.5,0.618,0.07,6.69,61.26,23267.94779109955
40000,1.0,0.01,1.0,0.5,0.618,0.1,7.06,54.46,23345.076109170914
40000,1.0,0.01,1.0,0.5,0.5,0.01,7.31,78.3,23438.428826093674
40000,1.0,0.01,1.0,0.5,0.5,0.03,3.58,88.12,23536.36022090912
40000,1.0,0.01,1.0,0.5,0.5,0.05,8.34,90.24,23632.590218305588
40000,1.0,0.01,1.0,0.5,0.5,0.07,5.28,79.28,23724.679100990295
40000,1.0,0.01,1.0,0.5,0.5,0.1,5.93,87.33,23820.166016101837
40000,1.0,0.01,1.0,0.5,0.382,0.01,8.5,80.68,23917.53791642189
40000,1.0,0.01,1.0,0.5,0.382,0.03,9.12,85.1,24013.599811315536
40000,1.0,0.01,1.0,0.5,0.382,0.05,8.82,90.14,24114.919656038284
40000,1.0,0.01,1.0,0.5,0.382,0.07,4.9,68.53,24204.32912993431
40000,1.0,0.01,1.0,0.5,0.382,0.1,7.35,89.81,24303.196644306183
40000,1.0,0.01,1.0,0.5,0.2,0.01,6.94,85.79,24401.580877780914
40000,1.0,0.01,1.0,0.5,0.2,0.03,13.0,98.73,24503.31530857086
40000,1.0,0.01,1.0,0.5,0.2,0.05,7.39,91.52,24604.228014230728
40000,1.0,0.01,1.0,0.5,0.2,0.07,6.19,73.37,24698.440479278564
40000,1.0,0.01,1.0,0.5,0.2,0.1,6.64,88.74,24797.396656751633
40000,1.0,0.01,1.0,0.5,0.1,0.01,5.6,93.61,24900.15917444229
40000,1.0,0.01,1.0,0.5,0.1,0.03,9.45,88.11,25001.079627513885
40000,1.0,0.01,1.0,0.5,0.1,0.05,13.5,98.43,25105.693104743958
40000,1.0,0.01,1.0,0.5,0.1,0.07,11.46,96.68,25211.667456626892
40000,1.0,0.01,1.0,0.5,0.1,0.1,6.74,95.74,25316.17860841751
40000,1.0,0.01,1.0,0.6,0.9,0.01,5.97,15.8,25352.699135303497
40000,1.0,0.01,1.0,0.6,0.9,0.03,6.0,23.06,25389.295866966248
40000,1.0,0.01,1.0,0.6,0.9,0.05,6.07,19.84,25424.614046812057
40000,1.0,0.01,1.0,0.6,0.9,0.07,5.97,21.17,25460.390919208527
40000,1.0,0.01,1.0,0.6,0.9,0.1,6.5,17.37,25494.41936326027
40000,1.0,0.01,1.0,0.6,0.786,0.01,5.6,41.19,25560.69562649727
40000,1.0,0.01,1.0,0.6,0.786,0.03,6.78,54.95,25627.121426582336
40000,1.0,0.01,1.0,0.6,0.786,0.05,6.59,41.26,25689.119901657104
40000,1.0,0.01,1.0,0.6,0.786,0.07,6.16,57.94,25753.79173374176
40000,1.0,0.01,1.0,0.6,0.786,0.1,6.18,37.64,25811.286618232727
40000,1.0,0.01,1.0,0.6,0.618,0.01,6.15,77.19,25899.531019210815
40000,1.0,0.01,1.0,0.6,0.618,0.03,8.79,83.79,25990.847232103348
40000,1.0,0.01,1.0,0.6,0.618,0.05,7.96,80.13,26080.61268901825
40000,1.0,0.01,1.0,0.6,0.618,0.07,7.54,66.74,26164.69788789749
40000,1.0,0.01,1.0,0.6,0.618,0.1,9.12,75.88,26252.51857662201
40000,1.0,0.01,1.0,0.6,0.5,0.01,5.24,88.32,26349.734137296677
40000,1.0,0.01,1.0,0.6,0.5,0.03,8.7,87.1,26446.397513389587
40000,1.0,0.01,1.0,0.6,0.5,0.05,9.2,83.93,26541.66248202324
40000,1.0,0.01,1.0,0.6,0.5,0.07,6.29,77.38,26635.13205432892
40000,1.0,0.01,1.0,0.6,0.5,0.1,6.6,78.81,26729.0493414402
40000,1.0,0.01,1.0,0.6,0.382,0.01,6.61,91.91,26829.249587774277
40000,1.0,0.01,1.0,0.6,0.382,0.03,7.91,87.3,26927.62717485428
40000,1.0,0.01,1.0,0.6,0.382,0.05,9.64,92.99,27026.77083683014
40000,1.0,0.01,1.0,0.6,0.382,0.07,7.45,83.76,27122.21254992485
40000,1.0,0.01,1.0,0.6,0.382,0.1,4.39,75.82,27216.309136390686
40000,1.0,0.01,1.0,0.6,0.2,0.01,6.11,95.39,27318.617773771286
40000,1.0,0.01,1.0,0.6,0.2,0.03,7.77,90.68,27420.080379486084
40000,1.0,0.01,1.0,0.6,0.2,0.05,4.75,73.13,27516.56127166748
40000,1.0,0.01,1.0,0.6,0.2,0.07,7.4,91.23,27618.978114128113
40000,1.0,0.01,1.0,0.6,0.2,0.1,6.44,91.49,27722.3785841465
40000,1.0,0.01,1.0,0.6,0.1,0.01,6.74,92.01,27826.30216240883
40000,1.0,0.01,1.0,0.6,0.1,0.03,4.21,86.54,27929.08553624153
40000,1.0,0.01,1.0,0.6,0.1,0.05,5.13,97.58,28033.986689805984
40000,1.0,0.01,1.0,0.6,0.1,0.07,9.58,95.97,28137.700315713882
40000,1.0,0.01,1.0,0.6,0.1,0.1,8.54,87.96,28237.985644340515
40000,1.0,0.01,1.0,0.7,0.9,0.01,5.86,19.35,28278.67214179039
40000,1.0,0.01,1.0,0.7,0.9,0.03,5.97,18.02,28315.783291339874
40000,1.0,0.01,1.0,0.7,0.9,0.05,6.56,24.4,28354.643884420395
40000,1.0,0.01,1.0,0.7,0.9,0.07,5.76,20.19,28392.17639708519
40000,1.0,0.01,1.0,0.7,0.9,0.1,6.51,21.52,28428.4070892334
40000,1.0,0.01,1.0,0.7,0.786,0.01,7.47,60.13,28504.597320318222
40000,1.0,0.01,1.0,0.7,0.786,0.03,6.99,56.98,28575.30196261406
40000,1.0,0.01,1.0,0.7,0.786,0.05,7.35,66.08,28651.52756881714
40000,1.0,0.01,1.0,0.7,0.786,0.07,7.05,53.31,28718.754969596863
40000,1.0,0.01,1.0,0.7,0.786,0.1,6.95,69.38,28792.841262102127
40000,1.0,0.01,1.0,0.7,0.618,0.01,6.52,78.35,28884.77731013298
40000,1.0,0.01,1.0,0.7,0.618,0.03,5.79,78.1,28974.818103313446
40000,1.0,0.01,1.0,0.7,0.618,0.05,6.84,72.6,29062.094775676727
40000,1.0,0.01,1.0,0.7,0.618,0.07,8.13,75.65,29148.369433641434
40000,1.0,0.01,1.0,0.7,0.618,0.1,5.63,90.55,29243.396219730377
40000,1.0,0.01,1.0,0.7,0.5,0.01,9.6,92.97,29339.788540124893
40000,1.0,0.01,1.0,0.7,0.5,0.03,7.18,65.34,29427.201624393463
40000,1.0,0.01,1.0,0.7,0.5,0.05,8.07,72.96,29517.404720306396
40000,1.0,0.01,1.0,0.7,0.5,0.07,8.77,92.6,29613.6266810894
40000,1.0,0.01,1.0,0.7,0.5,0.1,6.41,83.25,29706.594476938248
40000,1.0,0.01,1.0,0.7,0.382,0.01,7.23,82.64,29803.02128982544
40000,1.0,0.01,1.0,0.7,0.382,0.03,6.47,88.86,29903.095844984055
40000,1.0,0.01,1.0,0.7,0.382,0.05,10.74,92.7,30003.85915207863
40000,1.0,0.01,1.0,0.7,0.382,0.07,8.24,91.77,30104.608261585236
40000,1.0,0.01,1.0,0.7,0.382,0.1,5.49,78.12,30202.37717819214
40000,1.0,0.01,1.0,0.7,0.2,0.01,3.54,91.42,30303.798681735992
40000,1.0,0.01,1.0,0.7,0.2,0.03,7.35,90.25,30405.968839645386
40000,1.0,0.01,1.0,0.7,0.2,0.05,3.03,92.31,30510.89319372177
40000,1.0,0.01,1.0,0.7,0.2,0.07,5.71,85.09,30610.91318678856
40000,1.0,0.01,1.0,0.7,0.2,0.1,5.71,84.85,30711.36749148369
40000,1.0,0.01,1.0,0.7,0.1,0.01,5.27,93.33,30813.245804548264
40000,1.0,0.01,1.0,0.7,0.1,0.03,4.02,92.06,30917.415640592575
40000,1.0,0.01,1.0,0.7,0.1,0.05,4.57,92.06,31018.659065961838
40000,1.0,0.01,1.0,0.7,0.1,0.07,4.2,95.09,31125.534546613693
40000,1.0,0.01,1.0,0.7,0.1,0.1,11.93,95.4,31231.08817243576
40000,1.0,0.01,1.0,0.8,0.9,0.01,6.34,37.43,31291.022411823273
40000,1.0,0.01,1.0,0.8,0.9,0.03,6.27,36.43,31349.17456150055
40000,1.0,0.01,1.0,0.8,0.9,0.05,6.32,37.08,31406.474548578262
40000,1.0,0.01,1.0,0.8,0.9,0.07,6.32,44.11,31465.247525453568
40000,1.0,0.01,1.0,0.8,0.9,0.1,5.77,33.96,31521.38234591484
40000,1.0,0.01,1.0,0.8,0.786,0.01,6.02,69.85,31613.119903564453
40000,1.0,0.01,1.0,0.8,0.786,0.03,6.64,71.91,31703.453448057175
40000,1.0,0.01,1.0,0.8,0.786,0.05,5.78,74.62,31795.77469229698
40000,1.0,0.01,1.0,0.8,0.786,0.07,6.08,68.31,31885.11866593361
40000,1.0,0.01,1.0,0.8,0.786,0.1,6.1,56.23,31967.751585006714
40000,1.0,0.01,1.0,0.8,0.618,0.01,8.1,88.4,32072.10704088211
40000,1.0,0.01,1.0,0.8,0.618,0.03,3.07,67.35,32166.915717840195
40000,1.0,0.01,1.0,0.8,0.618,0.05,6.71,86.39,32270.132002592087
40000,1.0,0.01,1.0,0.8,0.618,0.07,6.61,79.65,32368.136824131012
40000,1.0,0.01,1.0,0.8,0.618,0.1,7.04,74.05,32465.609875679016
40000,1.0,0.01,1.0,0.8,0.5,0.01,8.51,87.8,32569.973253965378
40000,1.0,0.01,1.0,0.8,0.5,0.03,0,99.0,32678.669448375702
40000,1.0,0.01,1.0,0.8,0.5,0.05,7.44,88.34,32785.23327922821
40000,1.0,0.01,1.0,0.8,0.5,0.07,2.08,92.26,32893.39058661461
40000,1.0,0.01,1.0,0.8,0.5,0.1,6.91,93.56,33001.29291963577
40000,1.0,0.01,1.0,0.8,0.382,0.01,11.0,95.59,33106.75225305557
40000,1.0,0.01,1.0,0.8,0.382,0.03,0.64,90.31,33213.11325407028
40000,1.0,0.01,1.0,0.8,0.382,0.05,11.0,98.37,33323.07687449455
40000,1.0,0.01,1.0,0.8,0.382,0.07,5.54,73.49,33424.663813352585
40000,1.0,0.01,1.0,0.8,0.382,0.1,3.51,88.41,33532.21100831032
40000,1.0,0.01,1.0,0.8,0.2,0.01,6.55,77.73,33635.12587308884
40000,1.0,0.01,1.0,0.8,0.2,0.03,7.89,92.12,33745.55908560753
40000,1.0,0.01,1.0,0.8,0.2,0.05,6.42,89.61,33854.04932022095
40000,1.0,0.01,1.0,0.8,0.2,0.07,9.71,92.61,33962.85819411278
40000,1.0,0.01,1.0,0.8,0.2,0.1,6.05,89.21,34071.42982554436
40000,1.0,0.01,1.0,0.8,0.1,0.01,6.93,86.1,34179.12198853493
40000,1.0,0.01,1.0,0.8,0.1,0.03,3.04,92.57,34288.13118362427
40000,1.0,0.01,1.0,0.8,0.1,0.05,4.98,72.72,34389.288664102554
40000,1.0,0.01,1.0,0.8,0.1,0.07,6.77,86.56,34495.78217339516
40000,1.0,0.01,1.0,0.8,0.1,0.1,2.16,89.0,34604.85454130173
40000,1.0,0.01,1.0,0.9,0.9,0.01,6.16,71.49,34694.97552847862
40000,1.0,0.01,1.0,0.9,0.9,0.03,8.79,79.55,34783.19799947739
40000,1.0,0.01,1.0,0.9,0.9,0.05,6.72,71.9,34863.61725139618
40000,1.0,0.01,1.0,0.9,0.9,0.07,6.93,59.23,34939.36613845825
40000,1.0,0.01,1.0,0.9,0.9,0.1,8.46,77.48,35022.09389591217
40000,1.0,0.01,1.0,0.9,0.786,0.01,7.13,86.62,35124.68876361847
40000,1.0,0.01,1.0,0.9,0.786,0.03,7.39,87.62,35227.54602622986
40000,1.0,0.01,1.0,0.9,0.786,0.05,5.74,91.52,35330.1519010067
40000,1.0,0.01,1.0,0.9,0.786,0.07,7.91,75.61,35427.202706575394
40000,1.0,0.01,1.0,0.9,0.786,0.1,8.98,82.09,35527.386021614075
40000,1.0,0.01,1.0,0.9,0.618,0.01,8.09,76.03,35627.181052446365
40000,1.0,0.01,1.0,0.9,0.618,0.03,8.37,82.22,35727.57285761833
40000,1.0,0.01,1.0,0.9,0.618,0.05,6.85,87.55,35832.489261865616
40000,1.0,0.01,1.0,0.9,0.618,0.07,7.15,83.98,35932.988911151886
40000,1.0,0.01,1.0,0.9,0.618,0.1,8.96,90.0,36039.070954322815
40000,1.0,0.01,1.0,0.9,0.5,0.01,6.17,83.07,36142.91384935379
40000,1.0,0.01,1.0,0.9,0.5,0.03,7.53,80.01,36247.428664922714
40000,1.0,0.01,1.0,0.9,0.5,0.05,9.62,91.86,36354.349105119705
40000,1.0,0.01,1.0,0.9,0.5,0.07,5.0,98.75,36466.72268271446
40000,1.0,0.01,1.0,0.9,0.5,0.1,7.85,88.72,36571.59854245186
40000,1.0,0.01,1.0,0.9,0.382,0.01,7.81,88.08,36677.47178506851
40000,1.0,0.01,1.0,0.9,0.382,0.03,7.14,85.74,36784.95499110222
40000,1.0,0.01,1.0,0.9,0.382,0.05,6.26,74.08,36885.86737012863
40000,1.0,0.01,1.0,0.9,0.382,0.07,6.7,73.36,36984.55953121185
40000,1.0,0.01,1.0,0.9,0.382,0.1,7.86,88.77,37090.79566979408
40000,1.0,0.01,1.0,0.9,0.2,0.01,7.55,86.8,37189.39366841316
40000,1.0,0.01,1.0,0.9,0.2,0.03,5.86,86.48,37290.372898578644
40000,1.0,0.01,1.0,0.9,0.2,0.05,6.71,91.89,37391.743990659714
40000,1.0,0.01,1.0,0.9,0.2,0.07,8.54,86.33,37491.677161216736
40000,1.0,0.01,1.0,0.9,0.2,0.1,6.54,90.17,37593.9154214859
40000,1.0,0.01,1.0,0.9,0.1,0.01,8.39,89.88,37695.30800437927
40000,1.0,0.01,1.0,0.9,0.1,0.03,10.99,95.87,37799.40850877762
40000,1.0,0.01,1.0,0.9,0.1,0.05,7.41,83.08,37895.52315950394
40000,1.0,0.01,1.0,0.9,0.1,0.07,0,99.0,37999.35334563255
40000,1.0,0.01,1.0,0.9,0.1,0.1,9.34,93.43,38101.595336437225
50000,1.0,0.01,1.0,0.5,0.9,0.01,6.78,14.83,38146.67610454559
50000,1.0,0.01,1.0,0.5,0.9,0.03,5.97,15.83,38192.78169941902
50000,1.0,0.01,1.0,0.5,0.9,0.05,6.51,16.45,38238.08378982544
50000,1.0,0.01,1.0,0.5,0.9,0.07,6.73,42.77,38294.974652051926
50000,1.0,0.01,1.0,0.5,0.9,0.1,6.44,18.44,38341.41185212135
50000,1.0,0.01,1.0,0.5,0.786,0.01,6.68,44.13,38419.29776310921
50000,1.0,0.01,1.0,0.5,0.786,0.03,6.03,44.87,38494.46396613121
50000,1.0,0.01,1.0,0.5,0.786,0.05,7.27,55.99,38574.58611321449
50000,1.0,0.01,1.0,0.5,0.786,0.07,6.62,39.05,38648.801129579544
50000,1.0,0.01,1.0,0.5,0.786,0.1,6.24,38.4,38719.92584705353
50000,1.0,0.01,1.0,0.5,0.618,0.01,6.1,69.39,38827.331985235214
50000,1.0,0.01,1.0,0.5,0.618,0.03,8.25,74.97,38937.908032894135
50000,1.0,0.01,1.0,0.5,0.618,0.05,5.79,52.09,39036.17675924301
50000,1.0,0.01,1.0,0.5,0.618,0.07,8.1,71.66,39142.405680179596
50000,1.0,0.01,1.0,0.5,0.618,0.1,8.0,85.31,39258.10392689705
50000,1.0,0.01,1.0,0.5,0.5,0.01,5.99,70.56,39369.16915392876
50000,1.0,0.01,1.0,0.5,0.5,0.03,8.42,82.51,39488.851048231125
50000,1.0,0.01,1.0,0.5,0.5,0.05,5.35,71.32,39601.70003557205
50000,1.0,0.01,1.0,0.5,0.5,0.07,3.72,77.66,39718.329003572464
50000,1.0,0.01,1.0,0.5,0.5,0.1,6.62,79.74,39834.142216682434
50000,1.0,0.01,1.0,0.5,0.382,0.01,7.24,74.97,39953.158279418945
50000,1.0,0.01,1.0,0.5,0.382,0.03,7.24,78.36,40072.30641698837
50000,1.0,0.01,1.0,0.5,0.382,0.05,8.82,78.02,40190.89409613609
50000,1.0,0.01,1.0,0.5,0.382,0.07,6.72,77.79,40309.43575692177
50000,1.0,0.01,1.0,0.5,0.382,0.1,7.39,80.55,40431.8374247551
50000,1.0,0.01,1.0,0.5,0.2,0.01,9.28,90.56,40557.531553030014
50000,1.0,0.01,1.0,0.5,0.2,0.03,4.47,88.67,40684.906881570816
50000,1.0,0.01,1.0,0.5,0.2,0.05,4.1,86.02,40807.1612842083
50000,1.0,0.01,1.0,0.5,0.2,0.07,9.76,96.08,40933.75048184395
50000,1.0,0.01,1.0,0.5,0.2,0.1,7.93,94.16,41057.858750104904
50000,1.0,0.01,1.0,0.5,0.1,0.01,8.54,92.3,41183.95015144348
50000,1.0,0.01,1.0,0.5,0.1,0.03,5.19,91.49,41313.092995882034
50000,1.0,0.01,1.0,0.5,0.1,0.05,4.92,79.22,41436.338520526886
50000,1.0,0.01,1.0,0.5,0.1,0.07,12.01,95.37,41567.18395471573
50000,1.0,0.01,1.0,0.5,0.1,0.1,4.36,71.87,41692.598161935806
50000,1.0,0.01,1.0,0.6,0.9,0.01,6.41,17.14,41742.48714756966
50000,1.0,0.01,1.0,0.6,0.9,0.03,5.88,16.29,41789.893619060516
50000,1.0,0.01,1.0,0.6,0.9,0.05,5.98,18.17,41837.390271663666
50000,1.0,0.01,1.0,0.6,0.9,0.07,6.05,18.06,41884.532287597656
50000,1.0,0.01,1.0,0.6,0.9,0.1,6.67,16.05,41931.005662202835
50000,1.0,0.01,1.0,0.6,0.786,0.01,6.81,53.76,42021.98758196831
50000,1.0,0.01,1.0,0.6,0.786,0.03,6.29,45.09,42101.92844557762
50000,1.0,0.01,1.0,0.6,0.786,0.05,6.76,54.14,42186.04581141472
50000,1.0,0.01,1.0,0.6,0.786,0.07,5.29,31.1,42262.743275642395
50000,1.0,0.01,1.0,0.6,0.786,0.1,6.42,55.08,42348.43604898453
50000,1.0,0.01,1.0,0.6,0.618,0.01,6.73,71.97,42461.04440355301
50000,1.0,0.01,1.0,0.6,0.618,0.03,5.84,55.76,42567.888269901276
50000,1.0,0.01,1.0,0.6,0.618,0.05,6.0,62.41,42677.50370597839
50000,1.0,0.01,1.0,0.6,0.618,0.07,5.28,80.1,42794.923172950745
50000,1.0,0.01,1.0,0.6,0.618,0.1,7.78,79.89,42911.878816604614
50000,1.0,0.01,1.0,0.6,0.5,0.01,6.67,85.12,43031.634442806244
50000,1.0,0.01,1.0,0.6,0.5,0.03,6.63,81.32,43150.67755103111
50000,1.0,0.01,1.0,0.6,0.5,0.05,7.24,77.6,43268.326281785965
50000,1.0,0.01,1.0,0.6,0.5,0.07,5.38,83.23,43387.65626215935
50000,1.0,0.01,1.0,0.6,0.5,0.1,7.87,70.44,43501.257407188416
50000,1.0,0.01,1.0,0.6,0.382,0.01,7.21,88.09,43625.93785071373
50000,1.0,0.01,1.0,0.6,0.382,0.03,7.99,84.8,43749.93092107773
50000,1.0,0.01,1.0,0.6,0.382,0.05,7.19,84.82,43871.8368601799
50000,1.0,0.01,1.0,0.6,0.382,0.07,7.46,82.33,43992.62889575958
50000,1.0,0.01,1.0,0.6,0.382,0.1,10.07,89.01,44119.85138177872
50000,1.0,0.01,1.0,0.6,0.2,0.01,8.41,91.74,44249.616262197495
50000,1.0,0.01,1.0,0.6,0.2,0.03,5.13,84.59,44375.494807481766
50000,1.0,0.01,1.0,0.6,0.2,0.05,4.37,91.04,44500.3369641304
50000,1.0,0.01,1.0,0.6,0.2,0.07,7.43,91.95,44626.38459563255
50000,1.0,0.01,1.0,0.6,0.2,0.1,7.97,78.81,44744.094544410706
50000,1.0,0.01,1.0,0.6,0.1,0.01,4.02,94.75,44871.15027356148
50000,1.0,0.01,1.0,0.6,0.1,0.03,7.7,95.6,44998.66360497475
50000,1.0,0.01,1.0,0.6,0.1,0.05,7.88,95.24,45127.5395925045
50000,1.0,0.01,1.0,0.6,0.1,0.07,7.34,88.44,45254.30372452736
50000,1.0,0.01,1.0,0.6,0.1,0.1,9.23,91.17,45379.28664660454
50000,1.0,0.01,1.0,0.7,0.9,0.01,6.55,22.09,45434.457649707794
50000,1.0,0.01,1.0,0.7,0.9,0.03,6.1,27.88,45489.07421350479
50000,1.0,0.01,1.0,0.7,0.9,0.05,6.24,18.27,45538.877202034
50000,1.0,0.01,1.0,0.7,0.9,0.07,6.02,33.74,45593.292489528656
50000,1.0,0.01,1.0,0.7,0.9,0.1,5.5,22.65,45644.69371032715
50000,1.0,0.01,1.0,0.7,0.786,0.01,6.3,53.57,45740.463131189346
50000,1.0,0.01,1.0,0.7,0.786,0.03,6.42,48.36,45828.25597047806
50000,1.0,0.01,1.0,0.7,0.786,0.05,6.67,51.11,45919.86787748337
