nb_episodes,epsilon_rate,epsilon_min,epsilon_max,learning_rate,reward_discount_rate,decay_rate,avg_rewards,avg_steps
10000,1.0,0.01,1.0,0.5,0.9,0.01,6.87,14.13
10000,1.0,0.01,1.0,0.5,0.9,0.03,7.01,13.99
10000,1.0,0.01,1.0,0.5,0.9,0.05,7.03,13.97
10000,1.0,0.01,1.0,0.5,0.9,0.07,7.02,13.98
10000,1.0,0.01,1.0,0.5,0.9,0.1,7.01,13.99
10000,1.0,0.01,1.0,0.5,0.786,0.01,7.01,13.99
10000,1.0,0.01,1.0,0.5,0.786,0.03,6.85,14.15
10000,1.0,0.01,1.0,0.5,0.786,0.05,6.85,14.15
10000,1.0,0.01,1.0,0.5,0.786,0.07,6.98,14.02
10000,1.0,0.01,1.0,0.5,0.786,0.1,6.86,14.14
10000,1.0,0.01,1.0,0.5,0.618,0.01,7.14,21.85
10000,1.0,0.01,1.0,0.5,0.618,0.03,7.14,22.09
10000,1.0,0.01,1.0,0.5,0.618,0.05,6.99,19.28
10000,1.0,0.01,1.0,0.5,0.618,0.07,6.96,19.15
10000,1.0,0.01,1.0,0.5,0.618,0.1,6.72,14.28
10000,1.0,0.01,1.0,0.5,0.5,0.01,7.2,32.79
10000,1.0,0.01,1.0,0.5,0.5,0.03,7.16,30.86
10000,1.0,0.01,1.0,0.5,0.5,0.05,7.12,30.11
10000,1.0,0.01,1.0,0.5,0.5,0.07,6.89,25.08
10000,1.0,0.01,1.0,0.5,0.5,0.1,6.81,23.27
10000,1.0,0.01,1.0,0.5,0.382,0.01,8.7,77.43
10000,1.0,0.01,1.0,0.5,0.382,0.03,8.64,74.58
10000,1.0,0.01,1.0,0.5,0.382,0.05,8.36,70.02
10000,1.0,0.01,1.0,0.5,0.382,0.07,8.4,68.61
10000,1.0,0.01,1.0,0.5,0.382,0.1,8.43,68.06
10000,1.0,0.01,1.0,0.5,0.2,0.01,9.59,88.52
10000,1.0,0.01,1.0,0.5,0.2,0.03,7.53,85.62
10000,1.0,0.01,1.0,0.5,0.2,0.05,7.36,82.36
10000,1.0,0.01,1.0,0.5,0.2,0.07,7.44,81.43
10000,1.0,0.01,1.0,0.5,0.2,0.1,7.14,81.44
10000,1.0,0.01,1.0,0.5,0.1,0.01,12.18,94.61
10000,1.0,0.01,1.0,0.5,0.1,0.03,12.2,95.13
10000,1.0,0.01,1.0,0.5,0.1,0.05,12.14,94.37
10000,1.0,0.01,1.0,0.5,0.1,0.07,12.03,94.26
10000,1.0,0.01,1.0,0.5,0.1,0.1,9.48,86.46
10000,1.0,0.01,1.0,0.6,0.9,0.01,6.69,14.31
10000,1.0,0.01,1.0,0.6,0.9,0.03,6.99,14.01
10000,1.0,0.01,1.0,0.6,0.9,0.05,7.0,14.0
10000,1.0,0.01,1.0,0.6,0.9,0.07,7.0,14.0
10000,1.0,0.01,1.0,0.6,0.9,0.1,7.03,13.97
10000,1.0,0.01,1.0,0.6,0.786,0.01,6.82,14.18
10000,1.0,0.01,1.0,0.6,0.786,0.03,7.03,13.97
10000,1.0,0.01,1.0,0.6,0.786,0.05,7.02,13.98
10000,1.0,0.01,1.0,0.6,0.786,0.07,6.8,14.2
10000,1.0,0.01,1.0,0.6,0.786,0.1,7.04,13.96
10000,1.0,0.01,1.0,0.6,0.618,0.01,7.3,25.48
10000,1.0,0.01,1.0,0.6,0.618,0.03,7.16,19.83
10000,1.0,0.01,1.0,0.6,0.618,0.05,7.13,19.1
10000,1.0,0.01,1.0,0.6,0.618,0.07,6.95,20.96
10000,1.0,0.01,1.0,0.6,0.618,0.1,7.12,19.77
10000,1.0,0.01,1.0,0.6,0.5,0.01,7.45,49.33
10000,1.0,0.01,1.0,0.6,0.5,0.03,7.06,36.3
10000,1.0,0.01,1.0,0.6,0.5,0.05,7.01,35.64
10000,1.0,0.01,1.0,0.6,0.5,0.07,6.63,30.47
10000,1.0,0.01,1.0,0.6,0.5,0.1,6.77,30.86
10000,1.0,0.01,1.0,0.6,0.382,0.01,8.77,69.54
10000,1.0,0.01,1.0,0.6,0.382,0.03,8.25,60.68
10000,1.0,0.01,1.0,0.6,0.382,0.05,8.26,60.2
10000,1.0,0.01,1.0,0.6,0.382,0.07,8.23,60.54
10000,1.0,0.01,1.0,0.6,0.382,0.1,8.04,58.64
10000,1.0,0.01,1.0,0.6,0.2,0.01,8.89,81.52
10000,1.0,0.01,1.0,0.6,0.2,0.03,8.39,75.66
10000,1.0,0.01,1.0,0.6,0.2,0.05,7.37,69.32
10000,1.0,0.01,1.0,0.6,0.2,0.07,7.27,64.31
10000,1.0,0.01,1.0,0.6,0.2,0.1,7.17,64.79
10000,1.0,0.01,1.0,0.6,0.1,0.01,11.99,96.33
10000,1.0,0.01,1.0,0.6,0.1,0.03,10.45,93.74
10000,1.0,0.01,1.0,0.6,0.1,0.05,10.01,92.81
10000,1.0,0.01,1.0,0.6,0.1,0.07,8.78,91.27
10000,1.0,0.01,1.0,0.6,0.1,0.1,8.53,90.88
10000,1.0,0.01,1.0,0.7,0.9,0.01,6.78,14.22
10000,1.0,0.01,1.0,0.7,0.9,0.03,6.98,14.02
10000,1.0,0.01,1.0,0.7,0.9,0.05,6.78,14.22
10000,1.0,0.01,1.0,0.7,0.9,0.07,7.0,14.0
10000,1.0,0.01,1.0,0.7,0.9,0.1,6.99,14.01
10000,1.0,0.01,1.0,0.7,0.786,0.01,6.86,14.14
10000,1.0,0.01,1.0,0.7,0.786,0.03,6.82,14.18
10000,1.0,0.01,1.0,0.7,0.786,0.05,6.79,14.21
10000,1.0,0.01,1.0,0.7,0.786,0.07,6.78,14.22
10000,1.0,0.01,1.0,0.7,0.786,0.1,7.03,13.97
10000,1.0,0.01,1.0,0.7,0.618,0.01,7.2,21.66
10000,1.0,0.01,1.0,0.7,0.618,0.03,6.88,19.04
10000,1.0,0.01,1.0,0.7,0.618,0.05,6.92,16.51
10000,1.0,0.01,1.0,0.7,0.618,0.07,7.11,17.62
10000,1.0,0.01,1.0,0.7,0.618,0.1,6.8,17.33
10000,1.0,0.01,1.0,0.7,0.5,0.01,7.9,49.73
10000,1.0,0.01,1.0,0.7,0.5,0.03,7.25,42.91
10000,1.0,0.01,1.0,0.7,0.5,0.05,7.11,36.14
10000,1.0,0.01,1.0,0.7,0.5,0.07,7.26,37.41
10000,1.0,0.01,1.0,0.7,0.5,0.1,7.39,36.53
10000,1.0,0.01,1.0,0.7,0.382,0.01,7.9,62.98
10000,1.0,0.01,1.0,0.7,0.382,0.03,8.08,62.68
10000,1.0,0.01,1.0,0.7,0.382,0.05,8.26,61.32
10000,1.0,0.01,1.0,0.7,0.382,0.07,8.29,62.12
10000,1.0,0.01,1.0,0.7,0.382,0.1,8.19,59.69
10000,1.0,0.01,1.0,0.7,0.2,0.01,9.79,86.48
10000,1.0,0.01,1.0,0.7,0.2,0.03,9.04,82.0
10000,1.0,0.01,1.0,0.7,0.2,0.05,9.11,81.84
10000,1.0,0.01,1.0,0.7,0.2,0.07,9.01,81.24
10000,1.0,0.01,1.0,0.7,0.2,0.1,9.1,81.94
10000,1.0,0.01,1.0,0.7,0.1,0.01,9.39,91.75
10000,1.0,0.01,1.0,0.7,0.1,0.03,9.21,85.86
10000,1.0,0.01,1.0,0.7,0.1,0.05,9.02,80.55
10000,1.0,0.01,1.0,0.7,0.1,0.07,8.94,79.07
10000,1.0,0.01,1.0,0.7,0.1,0.1,8.91,79.47
10000,1.0,0.01,1.0,0.8,0.9,0.01,6.86,14.14
10000,1.0,0.01,1.0,0.8,0.9,0.03,7.02,13.98
10000,1.0,0.01,1.0,0.8,0.9,0.05,6.7,14.3
10000,1.0,0.01,1.0,0.8,0.9,0.07,6.99,14.01
10000,1.0,0.01,1.0,0.8,0.9,0.1,6.97,14.03
10000,1.0,0.01,1.0,0.8,0.786,0.01,6.94,14.06
10000,1.0,0.01,1.0,0.8,0.786,0.03,6.88,14.12
10000,1.0,0.01,1.0,0.8,0.786,0.05,6.86,14.14
10000,1.0,0.01,1.0,0.8,0.786,0.07,7.02,13.98
10000,1.0,0.01,1.0,0.8,0.786,0.1,6.97,14.03
10000,1.0,0.01,1.0,0.8,0.618,0.01,6.96,16.09
10000,1.0,0.01,1.0,0.8,0.618,0.03,6.87,14.13
10000,1.0,0.01,1.0,0.8,0.618,0.05,6.72,14.28
10000,1.0,0.01,1.0,0.8,0.618,0.07,6.86,14.14
10000,1.0,0.01,1.0,0.8,0.618,0.1,6.7,14.3
10000,1.0,0.01,1.0,0.8,0.5,0.01,7.42,50.31
10000,1.0,0.01,1.0,0.8,0.5,0.03,7.11,41.12
10000,1.0,0.01,1.0,0.8,0.5,0.05,7.21,39.78
10000,1.0,0.01,1.0,0.8,0.5,0.07,7.05,36.93
10000,1.0,0.01,1.0,0.8,0.5,0.1,7.08,34.48
10000,1.0,0.01,1.0,0.8,0.382,0.01,8.14,66.87
10000,1.0,0.01,1.0,0.8,0.382,0.03,7.07,59.76
10000,1.0,0.01,1.0,0.8,0.382,0.05,6.42,52.02
10000,1.0,0.01,1.0,0.8,0.382,0.07,7.02,51.02
10000,1.0,0.01,1.0,0.8,0.382,0.1,6.97,49.38
10000,1.0,0.01,1.0,0.8,0.2,0.01,8.43,80.19
10000,1.0,0.01,1.0,0.8,0.2,0.03,8.4,76.32
10000,1.0,0.01,1.0,0.8,0.2,0.05,7.27,71.04
10000,1.0,0.01,1.0,0.8,0.2,0.07,7.69,72.92
10000,1.0,0.01,1.0,0.8,0.2,0.1,7.3,69.23
10000,1.0,0.01,1.0,0.8,0.1,0.01,12.36,96.99
10000,1.0,0.01,1.0,0.8,0.1,0.03,7.43,88.16
10000,1.0,0.01,1.0,0.8,0.1,0.05,7.53,87.25
10000,1.0,0.01,1.0,0.8,0.1,0.07,7.27,82.5
10000,1.0,0.01,1.0,0.8,0.1,0.1,6.92,80.9
10000,1.0,0.01,1.0,0.9,0.9,0.01,6.83,14.17
10000,1.0,0.01,1.0,0.9,0.9,0.03,6.91,14.09
10000,1.0,0.01,1.0,0.9,0.9,0.05,6.91,14.09
10000,1.0,0.01,1.0,0.9,0.9,0.07,6.8,14.2
10000,1.0,0.01,1.0,0.9,0.9,0.1,6.81,14.19
10000,1.0,0.01,1.0,0.9,0.786,0.01,6.83,14.17
10000,1.0,0.01,1.0,0.9,0.786,0.03,6.89,14.11
10000,1.0,0.01,1.0,0.9,0.786,0.05,6.98,14.02
10000,1.0,0.01,1.0,0.9,0.786,0.07,6.99,14.01
10000,1.0,0.01,1.0,0.9,0.786,0.1,6.84,14.16
10000,1.0,0.01,1.0,0.9,0.618,0.01,7.11,18.78
10000,1.0,0.01,1.0,0.9,0.618,0.03,7.11,17.54
10000,1.0,0.01,1.0,0.9,0.618,0.05,6.91,17.77
10000,1.0,0.01,1.0,0.9,0.618,0.07,6.96,17.15
10000,1.0,0.01,1.0,0.9,0.618,0.1,6.97,17.09
10000,1.0,0.01,1.0,0.9,0.5,0.01,8.35,59.33
10000,1.0,0.01,1.0,0.9,0.5,0.03,7.53,48.43
10000,1.0,0.01,1.0,0.9,0.5,0.05,7.32,41.46
10000,1.0,0.01,1.0,0.9,0.5,0.07,7.23,39.23
10000,1.0,0.01,1.0,0.9,0.5,0.1,7.39,37.84
10000,1.0,0.01,1.0,0.9,0.382,0.01,7.83,57.7
10000,1.0,0.01,1.0,0.9,0.382,0.03,7.88,58.1
10000,1.0,0.01,1.0,0.9,0.382,0.05,8.48,58.36
10000,1.0,0.01,1.0,0.9,0.382,0.07,8.17,53.28
10000,1.0,0.01,1.0,0.9,0.382,0.1,8.04,51.49
10000,1.0,0.01,1.0,0.9,0.2,0.01,9.12,83.68
10000,1.0,0.01,1.0,0.9,0.2,0.03,9.08,83.96
10000,1.0,0.01,1.0,0.9,0.2,0.05,8.78,81.61
10000,1.0,0.01,1.0,0.9,0.2,0.07,9.18,79.95
10000,1.0,0.01,1.0,0.9,0.2,0.1,9.28,81.93
10000,1.0,0.01,1.0,0.9,0.1,0.01,10.62,93.24
10000,1.0,0.01,1.0,0.9,0.1,0.03,10.5,91.57
10000,1.0,0.01,1.0,0.9,0.1,0.05,11.28,92.66
10000,1.0,0.01,1.0,0.9,0.1,0.07,10.25,89.45
10000,1.0,0.01,1.0,0.9,0.1,0.1,10.03,89.1
20000,1.0,0.01,1.0,0.5,0.9,0.01,6.96,14.04
20000,1.0,0.01,1.0,0.5,0.9,0.03,6.94,14.06
20000,1.0,0.01,1.0,0.5,0.9,0.05,6.77,14.23
20000,1.0,0.01,1.0,0.5,0.9,0.07,6.97,14.03
20000,1.0,0.01,1.0,0.5,0.9,0.1,6.99,14.01
20000,1.0,0.01,1.0,0.5,0.786,0.01,6.99,14.01
20000,1.0,0.01,1.0,0.5,0.786,0.03,7.0,14.0
20000,1.0,0.01,1.0,0.5,0.786,0.05,7.0,14.0
20000,1.0,0.01,1.0,0.5,0.786,0.07,6.97,14.03
20000,1.0,0.01,1.0,0.5,0.786,0.1,6.81,14.19
20000,1.0,0.01,1.0,0.5,0.618,0.01,6.97,18.87
20000,1.0,0.01,1.0,0.5,0.618,0.03,6.74,14.26
20000,1.0,0.01,1.0,0.5,0.618,0.05,6.7,14.3
20000,1.0,0.01,1.0,0.5,0.618,0.07,6.68,14.32
20000,1.0,0.01,1.0,0.5,0.618,0.1,6.67,14.33
20000,1.0,0.01,1.0,0.5,0.5,0.01,6.99,28.68
20000,1.0,0.01,1.0,0.5,0.5,0.03,6.75,25.38
20000,1.0,0.01,1.0,0.5,0.5,0.05,6.45,24.1
20000,1.0,0.01,1.0,0.5,0.5,0.07,6.52,22.98
20000,1.0,0.01,1.0,0.5,0.5,0.1,6.94,20.92
20000,1.0,0.01,1.0,0.5,0.382,0.01,7.6,62.84
20000,1.0,0.01,1.0,0.5,0.382,0.03,6.73,43.84
20000,1.0,0.01,1.0,0.5,0.382,0.05,6.77,36.48
20000,1.0,0.01,1.0,0.5,0.382,0.07,6.95,37.01
20000,1.0,0.01,1.0,0.5,0.382,0.1,6.85,32.46
20000,1.0,0.01,1.0,0.5,0.2,0.01,7.77,82.56
20000,1.0,0.01,1.0,0.5,0.2,0.03,7.72,76.84
20000,1.0,0.01,1.0,0.5,0.2,0.05,7.71,76.55
20000,1.0,0.01,1.0,0.5,0.2,0.07,7.91,76.7
20000,1.0,0.01,1.0,0.5,0.2,0.1,7.44,72.71
20000,1.0,0.01,1.0,0.5,0.1,0.01,9.48,90.84
20000,1.0,0.01,1.0,0.5,0.1,0.03,9.08,81.0
20000,1.0,0.01,1.0,0.5,0.1,0.05,8.44,76.99
20000,1.0,0.01,1.0,0.5,0.1,0.07,8.44,76.99
20000,1.0,0.01,1.0,0.5,0.1,0.1,8.48,76.88
20000,1.0,0.01,1.0,0.6,0.9,0.01,7.04,13.96
20000,1.0,0.01,1.0,0.6,0.9,0.03,7.03,13.97
20000,1.0,0.01,1.0,0.6,0.9,0.05,7.02,13.98
20000,1.0,0.01,1.0,0.6,0.9,0.07,6.99,14.01
20000,1.0,0.01,1.0,0.6,0.9,0.1,7.05,13.95
20000,1.0,0.01,1.0,0.6,0.786,0.01,6.82,14.18
20000,1.0,0.01,1.0,0.6,0.786,0.03,7.04,13.96
20000,1.0,0.01,1.0,0.6,0.786,0.05,6.87,14.13
20000,1.0,0.01,1.0,0.6,0.786,0.07,6.97,14.03
20000,1.0,0.01,1.0,0.6,0.786,0.1,6.82,14.18
20000,1.0,0.01,1.0,0.6,0.618,0.01,7.23,21.57
20000,1.0,0.01,1.0,0.6,0.618,0.03,7.06,21.61
20000,1.0,0.01,1.0,0.6,0.618,0.05,7.12,18.93
20000,1.0,0.01,1.0,0.6,0.618,0.07,7.1,19.29
20000,1.0,0.01,1.0,0.6,0.618,0.1,7.12,18.8
20000,1.0,0.01,1.0,0.6,0.5,0.01,6.93,35.78
20000,1.0,0.01,1.0,0.6,0.5,0.03,6.85,30.19
20000,1.0,0.01,1.0,0.6,0.5,0.05,6.95,30.51
20000,1.0,0.01,1.0,0.6,0.5,0.07,7.11,32.97
20000,1.0,0.01,1.0,0.6,0.5,0.1,6.95,28.87
20000,1.0,0.01,1.0,0.6,0.382,0.01,7.61,50.6
20000,1.0,0.01,1.0,0.6,0.382,0.03,7.58,50.12
20000,1.0,0.01,1.0,0.6,0.382,0.05,7.58,51.57
20000,1.0,0.01,1.0,0.6,0.382,0.07,7.35,49.06
20000,1.0,0.01,1.0,0.6,0.382,0.1,7.46,45.97
20000,1.0,0.01,1.0,0.6,0.2,0.01,7.87,85.87
20000,1.0,0.01,1.0,0.6,0.2,0.03,7.8,77.26
20000,1.0,0.01,1.0,0.6,0.2,0.05,7.83,77.63
20000,1.0,0.01,1.0,0.6,0.2,0.07,7.96,75.88
20000,1.0,0.01,1.0,0.6,0.2,0.1,7.91,75.08
20000,1.0,0.01,1.0,0.6,0.1,0.01,8.06,84.94
20000,1.0,0.01,1.0,0.6,0.1,0.03,7.83,76.13
20000,1.0,0.01,1.0,0.6,0.1,0.05,7.83,75.08
20000,1.0,0.01,1.0,0.6,0.1,0.07,7.91,75.07
20000,1.0,0.01,1.0,0.6,0.1,0.1,8.03,77.28
20000,1.0,0.01,1.0,0.7,0.9,0.01,6.95,14.05
20000,1.0,0.01,1.0,0.7,0.9,0.03,6.98,14.02
20000,1.0,0.01,1.0,0.7,0.9,0.05,7.0,14.0
20000,1.0,0.01,1.0,0.7,0.9,0.07,6.84,14.16
20000,1.0,0.01,1.0,0.7,0.9,0.1,6.82,14.18
20000,1.0,0.01,1.0,0.7,0.786,0.01,7.06,13.94
20000,1.0,0.01,1.0,0.7,0.786,0.03,6.86,14.14
20000,1.0,0.01,1.0,0.7,0.786,0.05,6.83,14.17
20000,1.0,0.01,1.0,0.7,0.786,0.07,6.87,14.13
20000,1.0,0.01,1.0,0.7,0.786,0.1,6.86,14.14
20000,1.0,0.01,1.0,0.7,0.618,0.01,7.17,27.9
20000,1.0,0.01,1.0,0.7,0.618,0.03,7.09,21.1
20000,1.0,0.01,1.0,0.7,0.618,0.05,7.08,19.63
20000,1.0,0.01,1.0,0.7,0.618,0.07,6.88,19.24
20000,1.0,0.01,1.0,0.7,0.618,0.1,6.78,18.1
20000,1.0,0.01,1.0,0.7,0.5,0.01,6.99,37.67
20000,1.0,0.01,1.0,0.7,0.5,0.03,6.75,27.78
20000,1.0,0.01,1.0,0.7,0.5,0.05,6.75,22.04
20000,1.0,0.01,1.0,0.7,0.5,0.07,6.81,22.06
20000,1.0,0.01,1.0,0.7,0.5,0.1,6.86,22.02
20000,1.0,0.01,1.0,0.7,0.382,0.01,8.17,70.14
20000,1.0,0.01,1.0,0.7,0.382,0.03,8.79,67.3
20000,1.0,0.01,1.0,0.7,0.382,0.05,8.29,61.53
20000,1.0,0.01,1.0,0.7,0.382,0.07,8.01,57.14
20000,1.0,0.01,1.0,0.7,0.382,0.1,7.69,54.99
20000,1.0,0.01,1.0,0.7,0.2,0.01,9.58,86.89
20000,1.0,0.01,1.0,0.7,0.2,0.03,8.95,79.71
20000,1.0,0.01,1.0,0.7,0.2,0.05,8.89,79.02
20000,1.0,0.01,1.0,0.7,0.2,0.07,8.84,78.88
20000,1.0,0.01,1.0,0.7,0.2,0.1,8.77,75.63
20000,1.0,0.01,1.0,0.7,0.1,0.01,8.86,88.24
20000,1.0,0.01,1.0,0.7,0.1,0.03,8.85,80.17
20000,1.0,0.01,1.0,0.7,0.1,0.05,8.52,76.19
20000,1.0,0.01,1.0,0.7,0.1,0.07,8.56,74.4
20000,1.0,0.01,1.0,0.7,0.1,0.1,8.58,74.4
20000,1.0,0.01,1.0,0.8,0.9,0.01,6.97,14.03
20000,1.0,0.01,1.0,0.8,0.9,0.03,6.82,14.18
20000,1.0,0.01,1.0,0.8,0.9,0.05,6.85,14.15
20000,1.0,0.01,1.0,0.8,0.9,0.07,7.05,13.95
20000,1.0,0.01,1.0,0.8,0.9,0.1,6.85,14.15
20000,1.0,0.01,1.0,0.8,0.786,0.01,7.04,13.96
20000,1.0,0.01,1.0,0.8,0.786,0.03,6.82,14.18
20000,1.0,0.01,1.0,0.8,0.786,0.05,6.81,14.19
20000,1.0,0.01,1.0,0.8,0.786,0.07,6.87,14.13
20000,1.0,0.01,1.0,0.8,0.786,0.1,6.86,14.14
20000,1.0,0.01,1.0,0.8,0.618,0.01,6.89,24.63
20000,1.0,0.01,1.0,0.8,0.618,0.03,6.98,22.08
20000,1.0,0.01,1.0,0.8,0.618,0.05,6.78,18.49
20000,1.0,0.01,1.0,0.8,0.618,0.07,6.92,14.67
20000,1.0,0.01,1.0,0.8,0.618,0.1,6.91,14.09
20000,1.0,0.01,1.0,0.8,0.5,0.01,6.98,48.73
20000,1.0,0.01,1.0,0.8,0.5,0.03,7.01,41.01
20000,1.0,0.01,1.0,0.8,0.5,0.05,7.0,36.46
20000,1.0,0.01,1.0,0.8,0.5,0.07,7.08,33.62
20000,1.0,0.01,1.0,0.8,0.5,0.1,6.97,31.88
20000,1.0,0.01,1.0,0.8,0.382,0.01,7.26,61.89
20000,1.0,0.01,1.0,0.8,0.382,0.03,7.05,54.56
20000,1.0,0.01,1.0,0.8,0.382,0.05,6.85,49.75
20000,1.0,0.01,1.0,0.8,0.382,0.07,7.14,45.53
20000,1.0,0.01,1.0,0.8,0.382,0.1,6.96,46.58
20000,1.0,0.01,1.0,0.8,0.2,0.01,6.98,72.0
20000,1.0,0.01,1.0,0.8,0.2,0.03,6.89,70.54
20000,1.0,0.01,1.0,0.8,0.2,0.05,6.92,70.06
20000,1.0,0.01,1.0,0.8,0.2,0.07,6.97,71.21
20000,1.0,0.01,1.0,0.8,0.2,0.1,7.38,67.46
20000,1.0,0.01,1.0,0.8,0.1,0.01,13.16,96.8
20000,1.0,0.01,1.0,0.8,0.1,0.03,12.61,96.24
20000,1.0,0.01,1.0,0.8,0.1,0.05,12.54,96.42
20000,1.0,0.01,1.0,0.8,0.1,0.07,12.55,96.25
20000,1.0,0.01,1.0,0.8,0.1,0.1,12.51,96.2
20000,1.0,0.01,1.0,0.9,0.9,0.01,6.78,14.22
20000,1.0,0.01,1.0,0.9,0.9,0.03,6.94,14.06
20000,1.0,0.01,1.0,0.9,0.9,0.05,7.01,13.99
20000,1.0,0.01,1.0,0.9,0.9,0.07,6.79,14.21
20000,1.0,0.01,1.0,0.9,0.9,0.1,6.84,14.16
20000,1.0,0.01,1.0,0.9,0.786,0.01,6.83,14.17
20000,1.0,0.01,1.0,0.9,0.786,0.03,6.8,14.2
20000,1.0,0.01,1.0,0.9,0.786,0.05,6.85,14.15
20000,1.0,0.01,1.0,0.9,0.786,0.07,6.85,14.15
20000,1.0,0.01,1.0,0.9,0.786,0.1,7.01,13.98
20000,1.0,0.01,1.0,0.9,0.618,0.01,6.89,21.63
20000,1.0,0.01,1.0,0.9,0.618,0.03,7.06,21.93
20000,1.0,0.01,1.0,0.9,0.618,0.05,6.84,17.85
20000,1.0,0.01,1.0,0.9,0.618,0.07,6.84,16.06
20000,1.0,0.01,1.0,0.9,0.618,0.1,6.99,15.02
20000,1.0,0.01,1.0,0.9,0.5,0.01,7.33,44.63
20000,1.0,0.01,1.0,0.9,0.5,0.03,6.82,38.36
20000,1.0,0.01,1.0,0.9,0.5,0.05,7.43,36.69
20000,1.0,0.01,1.0,0.9,0.5,0.07,7.25,35.08
20000,1.0,0.01,1.0,0.9,0.5,0.1,7.51,36.13
20000,1.0,0.01,1.0,0.9,0.382,0.01,6.98,50.69
20000,1.0,0.01,1.0,0.9,0.382,0.03,7.27,42.17
20000,1.0,0.01,1.0,0.9,0.382,0.05,7.25,38.98
20000,1.0,0.01,1.0,0.9,0.382,0.07,7.47,39.22
20000,1.0,0.01,1.0,0.9,0.382,0.1,7.46,36.2
20000,1.0,0.01,1.0,0.9,0.2,0.01,8.36,77.1
20000,1.0,0.01,1.0,0.9,0.2,0.03,7.86,66.76
20000,1.0,0.01,1.0,0.9,0.2,0.05,8.08,63.23
20000,1.0,0.01,1.0,0.9,0.2,0.07,7.96,65.34
20000,1.0,0.01,1.0,0.9,0.2,0.1,7.56,57.48
20000,1.0,0.01,1.0,0.9,0.1,0.01,9.42,90.85
20000,1.0,0.01,1.0,0.9,0.1,0.03,9.32,83.64
20000,1.0,0.01,1.0,0.9,0.1,0.05,9.51,86.24
20000,1.0,0.01,1.0,0.9,0.1,0.07,9.41,86.59
20000,1.0,0.01,1.0,0.9,0.1,0.1,9.41,86.34
30000,1.0,0.01,1.0,0.5,0.9,0.01,6.79,14.21
30000,1.0,0.01,1.0,0.5,0.9,0.03,6.81,14.19
30000,1.0,0.01,1.0,0.5,0.9,0.05,6.81,14.19
30000,1.0,0.01,1.0,0.5,0.9,0.07,6.83,14.17
30000,1.0,0.01,1.0,0.5,0.9,0.1,7.03,13.97
30000,1.0,0.01,1.0,0.5,0.786,0.01,6.8,14.2
30000,1.0,0.01,1.0,0.5,0.786,0.03,7.04,13.96
30000,1.0,0.01,1.0,0.5,0.786,0.05,7.0,14.0
30000,1.0,0.01,1.0,0.5,0.786,0.07,7.01,13.99
30000,1.0,0.01,1.0,0.5,0.786,0.1,6.99,14.01
30000,1.0,0.01,1.0,0.5,0.618,0.01,6.97,22.31
30000,1.0,0.01,1.0,0.5,0.618,0.03,6.97,15.52
30000,1.0,0.01,1.0,0.5,0.618,0.05,6.88,15.28
30000,1.0,0.01,1.0,0.5,0.618,0.07,6.91,15.24
30000,1.0,0.01,1.0,0.5,0.618,0.1,6.83,16.17
30000,1.0,0.01,1.0,0.5,0.5,0.01,7.61,46.61
30000,1.0,0.01,1.0,0.5,0.5,0.03,7.56,39.18
30000,1.0,0.01,1.0,0.5,0.5,0.05,7.66,38.94
30000,1.0,0.01,1.0,0.5,0.5,0.07,7.53,39.33
30000,1.0,0.01,1.0,0.5,0.5,0.1,7.79,37.95
30000,1.0,0.01,1.0,0.5,0.382,0.01,8.54,65.85
30000,1.0,0.01,1.0,0.5,0.382,0.03,8.35,60.26
30000,1.0,0.01,1.0,0.5,0.382,0.05,8.23,60.03
30000,1.0,0.01,1.0,0.5,0.382,0.07,8.12,56.4
30000,1.0,0.01,1.0,0.5,0.382,0.1,7.52,50.91
30000,1.0,0.01,1.0,0.5,0.2,0.01,8.55,85.56
30000,1.0,0.01,1.0,0.5,0.2,0.03,8.03,67.69
30000,1.0,0.01,1.0,0.5,0.2,0.05,7.72,66.37
30000,1.0,0.01,1.0,0.5,0.2,0.07,7.82,65.66
30000,1.0,0.01,1.0,0.5,0.2,0.1,7.86,65.75
30000,1.0,0.01,1.0,0.5,0.1,0.01,10.24,90.84
30000,1.0,0.01,1.0,0.5,0.1,0.03,10.34,87.1
30000,1.0,0.01,1.0,0.5,0.1,0.05,10.45,86.5
30000,1.0,0.01,1.0,0.5,0.1,0.07,10.51,86.9
30000,1.0,0.01,1.0,0.5,0.1,0.1,10.53,86.59
30000,1.0,0.01,1.0,0.6,0.9,0.01,7.02,13.98
30000,1.0,0.01,1.0,0.6,0.9,0.03,6.77,14.23
30000,1.0,0.01,1.0,0.6,0.9,0.05,6.83,14.17
30000,1.0,0.01,1.0,0.6,0.9,0.07,7.04,13.96
30000,1.0,0.01,1.0,0.6,0.9,0.1,6.77,14.23
30000,1.0,0.01,1.0,0.6,0.786,0.01,7.04,13.96
30000,1.0,0.01,1.0,0.6,0.786,0.03,7.03,13.97
30000,1.0,0.01,1.0,0.6,0.786,0.05,6.99,14.01
30000,1.0,0.01,1.0,0.6,0.786,0.07,7.05,13.95
30000,1.0,0.01,1.0,0.6,0.786,0.1,7.05,13.95
30000,1.0,0.01,1.0,0.6,0.618,0.01,6.94,20.65
30000,1.0,0.01,1.0,0.6,0.618,0.03,6.88,17.74
30000,1.0,0.01,1.0,0.6,0.618,0.05,6.69,19.26
30000,1.0,0.01,1.0,0.6,0.618,0.07,6.87,15.22
30000,1.0,0.01,1.0,0.6,0.618,0.1,6.67,14.33
30000,1.0,0.01,1.0,0.6,0.5,0.01,6.63,41.45
30000,1.0,0.01,1.0,0.6,0.5,0.03,6.93,39.98
30000,1.0,0.01,1.0,0.6,0.5,0.05,7.12,38.83
30000,1.0,0.01,1.0,0.6,0.5,0.07,6.92,24.09
30000,1.0,0.01,1.0,0.6,0.5,0.1,6.72,19.85
30000,1.0,0.01,1.0,0.6,0.382,0.01,7.46,62.48
30000,1.0,0.01,1.0,0.6,0.382,0.03,6.77,55.28
30000,1.0,0.01,1.0,0.6,0.382,0.05,7.06,51.16
30000,1.0,0.01,1.0,0.6,0.382,0.07,7.1,50.32
30000,1.0,0.01,1.0,0.6,0.382,0.1,7.14,50.35
30000,1.0,0.01,1.0,0.6,0.2,0.01,8.7,83.83
30000,1.0,0.01,1.0,0.6,0.2,0.03,8.46,82.88
30000,1.0,0.01,1.0,0.6,0.2,0.05,8.4,82.74
30000,1.0,0.01,1.0,0.6,0.2,0.07,8.88,82.22
30000,1.0,0.01,1.0,0.6,0.2,0.1,8.77,82.51
30000,1.0,0.01,1.0,0.6,0.1,0.01,10.69,91.78
30000,1.0,0.01,1.0,0.6,0.1,0.03,10.53,91.71
30000,1.0,0.01,1.0,0.6,0.1,0.05,10.45,91.38
30000,1.0,0.01,1.0,0.6,0.1,0.07,10.52,91.53
30000,1.0,0.01,1.0,0.6,0.1,0.1,10.52,93.85
30000,1.0,0.01,1.0,0.7,0.9,0.01,6.94,14.06
30000,1.0,0.01,1.0,0.7,0.9,0.03,7.02,13.98
30000,1.0,0.01,1.0,0.7,0.9,0.05,7.02,13.98
30000,1.0,0.01,1.0,0.7,0.9,0.07,7.02,13.98
30000,1.0,0.01,1.0,0.7,0.9,0.1,6.83,14.17
30000,1.0,0.01,1.0,0.7,0.786,0.01,6.83,14.17
30000,1.0,0.01,1.0,0.7,0.786,0.03,6.85,14.15
30000,1.0,0.01,1.0,0.7,0.786,0.05,6.82,14.18
30000,1.0,0.01,1.0,0.7,0.786,0.07,6.82,14.18
30000,1.0,0.01,1.0,0.7,0.786,0.1,7.02,13.98
30000,1.0,0.01,1.0,0.7,0.618,0.01,7.15,24.54
30000,1.0,0.01,1.0,0.7,0.618,0.03,7.04,20.31
30000,1.0,0.01,1.0,0.7,0.618,0.05,7.03,21.85
30000,1.0,0.01,1.0,0.7,0.618,0.07,7.27,20.32
30000,1.0,0.01,1.0,0.7,0.618,0.1,6.98,19.41
30000,1.0,0.01,1.0,0.7,0.5,0.01,7.71,51.41
30000,1.0,0.01,1.0,0.7,0.5,0.03,7.74,46.86
30000,1.0,0.01,1.0,0.7,0.5,0.05,7.67,42.63
30000,1.0,0.01,1.0,0.7,0.5,0.07,7.59,38.15
30000,1.0,0.01,1.0,0.7,0.5,0.1,7.57,38.69
30000,1.0,0.01,1.0,0.7,0.382,0.01,7.83,58.18
30000,1.0,0.01,1.0,0.7,0.382,0.03,7.88,58.07
30000,1.0,0.01,1.0,0.7,0.382,0.05,7.86,58.26
30000,1.0,0.01,1.0,0.7,0.382,0.07,7.95,56.03
30000,1.0,0.01,1.0,0.7,0.382,0.1,7.8,48.93
30000,1.0,0.01,1.0,0.7,0.2,0.01,7.62,68.38
30000,1.0,0.01,1.0,0.7,0.2,0.03,7.99,67.94
30000,1.0,0.01,1.0,0.7,0.2,0.05,7.71,66.5
30000,1.0,0.01,1.0,0.7,0.2,0.07,7.77,65.64
30000,1.0,0.01,1.0,0.7,0.2,0.1,7.79,63.01
30000,1.0,0.01,1.0,0.7,0.1,0.01,9.03,79.26
30000,1.0,0.01,1.0,0.7,0.1,0.03,9.03,79.31
30000,1.0,0.01,1.0,0.7,0.1,0.05,8.35,75.62
30000,1.0,0.01,1.0,0.7,0.1,0.07,8.54,75.84
30000,1.0,0.01,1.0,0.7,0.1,0.1,8.46,75.07
30000,1.0,0.01,1.0,0.8,0.9,0.01,6.98,14.02
30000,1.0,0.01,1.0,0.8,0.9,0.03,6.81,14.19
30000,1.0,0.01,1.0,0.8,0.9,0.05,7.02,13.98
30000,1.0,0.01,1.0,0.8,0.9,0.07,7.06,13.94
30000,1.0,0.01,1.0,0.8,0.9,0.1,6.81,14.19
30000,1.0,0.01,1.0,0.8,0.786,0.01,7.06,13.94
30000,1.0,0.01,1.0,0.8,0.786,0.03,6.83,14.17
30000,1.0,0.01,1.0,0.8,0.786,0.05,6.85,14.15
30000,1.0,0.01,1.0,0.8,0.786,0.07,6.84,14.16
30000,1.0,0.01,1.0,0.8,0.786,0.1,6.83,14.17
30000,1.0,0.01,1.0,0.8,0.618,0.01,7.13,25.7
30000,1.0,0.01,1.0,0.8,0.618,0.03,6.71,15.62
30000,1.0,0.01,1.0,0.8,0.618,0.05,6.68,15.98
30000,1.0,0.01,1.0,0.8,0.618,0.07,6.67,16.06
30000,1.0,0.01,1.0,0.8,0.618,0.1,6.9,15.01
30000,1.0,0.01,1.0,0.8,0.5,0.01,7.75,47.41
30000,1.0,0.01,1.0,0.8,0.5,0.03,7.56,41.24
30000,1.0,0.01,1.0,0.8,0.5,0.05,7.51,36.99
30000,1.0,0.01,1.0,0.8,0.5,0.07,7.58,36.34
30000,1.0,0.01,1.0,0.8,0.5,0.1,7.23,34.76
30000,1.0,0.01,1.0,0.8,0.382,0.01,7.43,48.78
30000,1.0,0.01,1.0,0.8,0.382,0.03,7.53,48.15
30000,1.0,0.01,1.0,0.8,0.382,0.05,7.79,47.55
30000,1.0,0.01,1.0,0.8,0.382,0.07,7.92,46.41
30000,1.0,0.01,1.0,0.8,0.382,0.1,7.81,44.85
30000,1.0,0.01,1.0,0.8,0.2,0.01,8.39,81.74
30000,1.0,0.01,1.0,0.8,0.2,0.03,8.45,81.81
30000,1.0,0.01,1.0,0.8,0.2,0.05,8.45,81.81
30000,1.0,0.01,1.0,0.8,0.2,0.07,8.53,81.45
30000,1.0,0.01,1.0,0.8,0.2,0.1,8.5,81.9
30000,1.0,0.01,1.0,0.8,0.1,0.01,11.5,93.21
30000,1.0,0.01,1.0,0.8,0.1,0.03,11.47,93.32
30000,1.0,0.01,1.0,0.8,0.1,0.05,11.48,93.26
30000,1.0,0.01,1.0,0.8,0.1,0.07,11.11,92.61
30000,1.0,0.01,1.0,0.8,0.1,0.1,10.09,89.51
30000,1.0,0.01,1.0,0.9,0.9,0.01,6.93,14.07
30000,1.0,0.01,1.0,0.9,0.9,0.03,6.76,14.24
30000,1.0,0.01,1.0,0.9,0.9,0.05,6.99,14.01
30000,1.0,0.01,1.0,0.9,0.9,0.07,6.99,14.01
30000,1.0,0.01,1.0,0.9,0.9,0.1,6.99,14.01
30000,1.0,0.01,1.0,0.9,0.786,0.01,6.8,14.2
30000,1.0,0.01,1.0,0.9,0.786,0.03,6.87,14.13
30000,1.0,0.01,1.0,0.9,0.786,0.05,7.04,13.96
30000,1.0,0.01,1.0,0.9,0.786,0.07,6.86,14.14
30000,1.0,0.01,1.0,0.9,0.786,0.1,6.86,14.14
30000,1.0,0.01,1.0,0.9,0.618,0.01,7.42,32.77
30000,1.0,0.01,1.0,0.9,0.618,0.03,7.31,25.59
30000,1.0,0.01,1.0,0.9,0.618,0.05,6.98,19.68
30000,1.0,0.01,1.0,0.9,0.618,0.07,7.02,16.9
30000,1.0,0.01,1.0,0.9,0.618,0.1,6.95,15.32
30000,1.0,0.01,1.0,0.9,0.5,0.01,6.92,38.88
30000,1.0,0.01,1.0,0.9,0.5,0.03,7.16,31.71
30000,1.0,0.01,1.0,0.9,0.5,0.05,6.97,25.45
30000,1.0,0.01,1.0,0.9,0.5,0.07,6.98,22.64
30000,1.0,0.01,1.0,0.9,0.5,0.1,7.0,19.55
30000,1.0,0.01,1.0,0.9,0.382,0.01,6.61,59.57
30000,1.0,0.01,1.0,0.9,0.382,0.03,6.82,51.12
30000,1.0,0.01,1.0,0.9,0.382,0.05,7.01,45.56
30000,1.0,0.01,1.0,0.9,0.382,0.07,7.21,44.16
30000,1.0,0.01,1.0,0.9,0.382,0.1,6.71,33.94
30000,1.0,0.01,1.0,0.9,0.2,0.01,9.57,82.5
30000,1.0,0.01,1.0,0.9,0.2,0.03,8.91,72.99
30000,1.0,0.01,1.0,0.9,0.2,0.05,8.64,74.67
30000,1.0,0.01,1.0,0.9,0.2,0.07,8.04,69.05
30000,1.0,0.01,1.0,0.9,0.2,0.1,7.77,59.72
30000,1.0,0.01,1.0,0.9,0.1,0.01,9.74,87.44
30000,1.0,0.01,1.0,0.9,0.1,0.03,8.56,85.92
30000,1.0,0.01,1.0,0.9,0.1,0.05,8.56,86.04
30000,1.0,0.01,1.0,0.9,0.1,0.07,8.53,85.84
30000,1.0,0.01,1.0,0.9,0.1,0.1,8.55,85.89
40000,1.0,0.01,1.0,0.5,0.9,0.01,6.99,14.01
40000,1.0,0.01,1.0,0.5,0.9,0.03,6.94,14.06
40000,1.0,0.01,1.0,0.5,0.9,0.05,7.0,14.0
40000,1.0,0.01,1.0,0.5,0.9,0.07,6.84,14.16
40000,1.0,0.01,1.0,0.5,0.9,0.1,7.01,13.99
40000,1.0,0.01,1.0,0.5,0.786,0.01,7.05,13.95
40000,1.0,0.01,1.0,0.5,0.786,0.03,6.81,14.19
40000,1.0,0.01,1.0,0.5,0.786,0.05,6.85,14.15
40000,1.0,0.01,1.0,0.5,0.786,0.07,6.84,14.16
40000,1.0,0.01,1.0,0.5,0.786,0.1,7.03,13.97
40000,1.0,0.01,1.0,0.5,0.618,0.01,6.88,22.6
40000,1.0,0.01,1.0,0.5,0.618,0.03,6.92,21.78
40000,1.0,0.01,1.0,0.5,0.618,0.05,6.84,19.73
40000,1.0,0.01,1.0,0.5,0.618,0.07,6.85,18.45
40000,1.0,0.01,1.0,0.5,0.618,0.1,6.81,16.45
40000,1.0,0.01,1.0,0.5,0.5,0.01,7.74,51.4
40000,1.0,0.01,1.0,0.5,0.5,0.03,7.35,45.85
40000,1.0,0.01,1.0,0.5,0.5,0.05,7.35,46.09
40000,1.0,0.01,1.0,0.5,0.5,0.07,7.54,45.87
40000,1.0,0.01,1.0,0.5,0.5,0.1,7.33,35.98
40000,1.0,0.01,1.0,0.5,0.382,0.01,7.23,54.98
40000,1.0,0.01,1.0,0.5,0.382,0.03,6.93,56.99
40000,1.0,0.01,1.0,0.5,0.382,0.05,7.04,55.62
40000,1.0,0.01,1.0,0.5,0.382,0.07,7.49,52.98
40000,1.0,0.01,1.0,0.5,0.382,0.1,7.57,53.1
40000,1.0,0.01,1.0,0.5,0.2,0.01,11.18,92.71
40000,1.0,0.01,1.0,0.5,0.2,0.03,9.7,83.86
40000,1.0,0.01,1.0,0.5,0.2,0.05,8.98,78.47
40000,1.0,0.01,1.0,0.5,0.2,0.07,8.48,74.35
40000,1.0,0.01,1.0,0.5,0.2,0.1,7.27,72.36
40000,1.0,0.01,1.0,0.5,0.1,0.01,7.09,85.52
40000,1.0,0.01,1.0,0.5,0.1,0.03,7.05,86.0
40000,1.0,0.01,1.0,0.5,0.1,0.05,7.03,85.68
40000,1.0,0.01,1.0,0.5,0.1,0.07,7.05,85.41
40000,1.0,0.01,1.0,0.5,0.1,0.1,7.02,85.69
40000,1.0,0.01,1.0,0.6,0.9,0.01,6.98,14.02
40000,1.0,0.01,1.0,0.6,0.9,0.03,6.83,14.17
40000,1.0,0.01,1.0,0.6,0.9,0.05,7.02,13.98
40000,1.0,0.01,1.0,0.6,0.9,0.07,6.82,14.18
40000,1.0,0.01,1.0,0.6,0.9,0.1,6.86,14.14
40000,1.0,0.01,1.0,0.6,0.786,0.01,6.84,14.16
40000,1.0,0.01,1.0,0.6,0.786,0.03,7.02,13.98
40000,1.0,0.01,1.0,0.6,0.786,0.05,7.01,13.99
40000,1.0,0.01,1.0,0.6,0.786,0.07,6.87,14.13
40000,1.0,0.01,1.0,0.6,0.786,0.1,7.02,13.98
40000,1.0,0.01,1.0,0.6,0.618,0.01,7.04,18.65
40000,1.0,0.01,1.0,0.6,0.618,0.03,6.89,19.46
40000,1.0,0.01,1.0,0.6,0.618,0.05,6.99,17.5
40000,1.0,0.01,1.0,0.6,0.618,0.07,7.13,17.72
40000,1.0,0.01,1.0,0.6,0.618,0.1,7.09,17.36
40000,1.0,0.01,1.0,0.6,0.5,0.01,6.78,46.19
40000,1.0,0.01,1.0,0.6,0.5,0.03,7.33,40.15
40000,1.0,0.01,1.0,0.6,0.5,0.05,7.45,36.83
40000,1.0,0.01,1.0,0.6,0.5,0.07,7.41,31.78
40000,1.0,0.01,1.0,0.6,0.5,0.1,7.16,30.47
40000,1.0,0.01,1.0,0.6,0.382,0.01,7.64,63.27
40000,1.0,0.01,1.0,0.6,0.382,0.03,7.47,59.13
40000,1.0,0.01,1.0,0.6,0.382,0.05,7.54,50.56
40000,1.0,0.01,1.0,0.6,0.382,0.07,7.22,38.91
40000,1.0,0.01,1.0,0.6,0.382,0.1,6.84,36.63
40000,1.0,0.01,1.0,0.6,0.2,0.01,7.98,78.73
40000,1.0,0.01,1.0,0.6,0.2,0.03,8.37,78.74
40000,1.0,0.01,1.0,0.6,0.2,0.05,8.37,76.62
40000,1.0,0.01,1.0,0.6,0.2,0.07,8.32,73.49
40000,1.0,0.01,1.0,0.6,0.2,0.1,8.45,68.58
40000,1.0,0.01,1.0,0.6,0.1,0.01,8.93,78.09
40000,1.0,0.01,1.0,0.6,0.1,0.03,8.94,77.27
40000,1.0,0.01,1.0,0.6,0.1,0.05,8.87,77.32
40000,1.0,0.01,1.0,0.6,0.1,0.07,8.89,77.51
40000,1.0,0.01,1.0,0.6,0.1,0.1,8.88,76.97
40000,1.0,0.01,1.0,0.7,0.9,0.01,7.01,13.99
40000,1.0,0.01,1.0,0.7,0.9,0.03,6.82,14.18
40000,1.0,0.01,1.0,0.7,0.9,0.05,7.04,13.96
40000,1.0,0.01,1.0,0.7,0.9,0.07,7.0,13.99
40000,1.0,0.01,1.0,0.7,0.9,0.1,6.81,14.19
40000,1.0,0.01,1.0,0.7,0.786,0.01,6.85,14.15
40000,1.0,0.01,1.0,0.7,0.786,0.03,6.83,14.17
40000,1.0,0.01,1.0,0.7,0.786,0.05,7.03,13.97
40000,1.0,0.01,1.0,0.7,0.786,0.07,6.85,14.15
40000,1.0,0.01,1.0,0.7,0.786,0.1,6.9,14.1
40000,1.0,0.01,1.0,0.7,0.618,0.01,6.66,18.04
40000,1.0,0.01,1.0,0.7,0.618,0.03,6.81,17.91
40000,1.0,0.01,1.0,0.7,0.618,0.05,6.85,17.32
40000,1.0,0.01,1.0,0.7,0.618,0.07,6.77,14.79
40000,1.0,0.01,1.0,0.7,0.618,0.1,7.01,14.54
40000,1.0,0.01,1.0,0.7,0.5,0.01,7.49,47.74
40000,1.0,0.01,1.0,0.7,0.5,0.03,7.44,40.31
40000,1.0,0.01,1.0,0.7,0.5,0.05,7.52,39.01
40000,1.0,0.01,1.0,0.7,0.5,0.07,7.41,35.65
40000,1.0,0.01,1.0,0.7,0.5,0.1,7.38,32.19
40000,1.0,0.01,1.0,0.7,0.382,0.01,7.74,54.98
40000,1.0,0.01,1.0,0.7,0.382,0.03,7.96,52.12
40000,1.0,0.01,1.0,0.7,0.382,0.05,7.7,44.27
40000,1.0,0.01,1.0,0.7,0.382,0.07,7.75,44.16
40000,1.0,0.01,1.0,0.7,0.382,0.1,7.38,37.45
40000,1.0,0.01,1.0,0.7,0.2,0.01,7.66,72.84
40000,1.0,0.01,1.0,0.7,0.2,0.03,6.88,70.8
40000,1.0,0.01,1.0,0.7,0.2,0.05,7.72,66.14
40000,1.0,0.01,1.0,0.7,0.2,0.07,7.93,61.13
40000,1.0,0.01,1.0,0.7,0.2,0.1,7.93,58.56
40000,1.0,0.01,1.0,0.7,0.1,0.01,12.0,94.18
40000,1.0,0.01,1.0,0.7,0.1,0.03,8.76,87.29
40000,1.0,0.01,1.0,0.7,0.1,0.05,8.93,84.39
40000,1.0,0.01,1.0,0.7,0.1,0.07,9.08,84.18
40000,1.0,0.01,1.0,0.7,0.1,0.1,9.03,82.25
40000,1.0,0.01,1.0,0.8,0.9,0.01,6.94,14.06
40000,1.0,0.01,1.0,0.8,0.9,0.03,7.02,13.98
40000,1.0,0.01,1.0,0.8,0.9,0.05,6.8,14.2
40000,1.0,0.01,1.0,0.8,0.9,0.07,6.82,14.18
40000,1.0,0.01,1.0,0.8,0.9,0.1,6.83,14.17
40000,1.0,0.01,1.0,0.8,0.786,0.01,6.85,14.15
40000,1.0,0.01,1.0,0.8,0.786,0.03,7.05,13.95
40000,1.0,0.01,1.0,0.8,0.786,0.05,6.86,14.14
40000,1.0,0.01,1.0,0.8,0.786,0.07,7.03,13.97
40000,1.0,0.01,1.0,0.8,0.786,0.1,6.86,14.14
40000,1.0,0.01,1.0,0.8,0.618,0.01,7.26,26.18
40000,1.0,0.01,1.0,0.8,0.618,0.03,7.07,21.69
40000,1.0,0.01,1.0,0.8,0.618,0.05,7.08,17.43
40000,1.0,0.01,1.0,0.8,0.618,0.07,6.95,14.59
40000,1.0,0.01,1.0,0.8,0.618,0.1,6.95,15.2
40000,1.0,0.01,1.0,0.8,0.5,0.01,7.88,42.87
40000,1.0,0.01,1.0,0.8,0.5,0.03,7.51,39.47
40000,1.0,0.01,1.0,0.8,0.5,0.05,7.51,37.44
40000,1.0,0.01,1.0,0.8,0.5,0.07,7.44,31.32
40000,1.0,0.01,1.0,0.8,0.5,0.1,7.28,27.29
40000,1.0,0.01,1.0,0.8,0.382,0.01,7.91,53.43
40000,1.0,0.01,1.0,0.8,0.382,0.03,7.89,55.93
40000,1.0,0.01,1.0,0.8,0.382,0.05,7.87,51.42
40000,1.0,0.01,1.0,0.8,0.382,0.07,8.08,49.97
40000,1.0,0.01,1.0,0.8,0.382,0.1,7.91,45.47
40000,1.0,0.01,1.0,0.8,0.2,0.01,7.09,62.21
40000,1.0,0.01,1.0,0.8,0.2,0.03,7.57,58.87
40000,1.0,0.01,1.0,0.8,0.2,0.05,7.33,52.85
40000,1.0,0.01,1.0,0.8,0.2,0.07,7.34,52.97
40000,1.0,0.01,1.0,0.8,0.2,0.1,7.5,52.79
40000,1.0,0.01,1.0,0.8,0.1,0.01,9.57,86.37
40000,1.0,0.01,1.0,0.8,0.1,0.03,9.76,85.91
40000,1.0,0.01,1.0,0.8,0.1,0.05,9.74,85.35
40000,1.0,0.01,1.0,0.8,0.1,0.07,9.76,84.98
40000,1.0,0.01,1.0,0.8,0.1,0.1,9.36,81.79
40000,1.0,0.01,1.0,0.9,0.9,0.01,7.02,13.98
40000,1.0,0.01,1.0,0.9,0.9,0.03,6.77,14.23
40000,1.0,0.01,1.0,0.9,0.9,0.05,7.02,13.98
40000,1.0,0.01,1.0,0.9,0.9,0.07,7.0,14.0
40000,1.0,0.01,1.0,0.9,0.9,0.1,7.04,13.96
40000,1.0,0.01,1.0,0.9,0.786,0.01,6.83,14.17
40000,1.0,0.01,1.0,0.9,0.786,0.03,7.03,13.97
40000,1.0,0.01,1.0,0.9,0.786,0.05,6.85,14.15
40000,1.0,0.01,1.0,0.9,0.786,0.07,6.85,14.15
40000,1.0,0.01,1.0,0.9,0.786,0.1,7.02,13.98
40000,1.0,0.01,1.0,0.9,0.618,0.01,7.36,25.27
40000,1.0,0.01,1.0,0.9,0.618,0.03,7.11,17.99
40000,1.0,0.01,1.0,0.9,0.618,0.05,6.94,18.11
40000,1.0,0.01,1.0,0.9,0.618,0.07,7.14,17.81
40000,1.0,0.01,1.0,0.9,0.618,0.1,7.14,17.27
40000,1.0,0.01,1.0,0.9,0.5,0.01,7.72,49.17
40000,1.0,0.01,1.0,0.9,0.5,0.03,6.87,28.9
40000,1.0,0.01,1.0,0.9,0.5,0.05,6.65,21.89
40000,1.0,0.01,1.0,0.9,0.5,0.07,6.86,15.86
40000,1.0,0.01,1.0,0.9,0.5,0.1,6.95,14.69
40000,1.0,0.01,1.0,0.9,0.382,0.01,8.41,66.96
40000,1.0,0.01,1.0,0.9,0.382,0.03,7.45,51.94
40000,1.0,0.01,1.0,0.9,0.382,0.05,7.5,39.45
40000,1.0,0.01,1.0,0.9,0.382,0.07,7.59,37.27
40000,1.0,0.01,1.0,0.9,0.382,0.1,7.29,29.76
40000,1.0,0.01,1.0,0.9,0.2,0.01,8.94,87.97
40000,1.0,0.01,1.0,0.9,0.2,0.03,8.29,82.51
40000,1.0,0.01,1.0,0.9,0.2,0.05,8.42,81.2
40000,1.0,0.01,1.0,0.9,0.2,0.07,8.45,79.84
40000,1.0,0.01,1.0,0.9,0.2,0.1,8.58,77.56
40000,1.0,0.01,1.0,0.9,0.1,0.01,12.18,94.53
40000,1.0,0.01,1.0,0.9,0.1,0.03,11.68,94.51
40000,1.0,0.01,1.0,0.9,0.1,0.05,9.14,91.2
40000,1.0,0.01,1.0,0.9,0.1,0.07,9.86,88.95
40000,1.0,0.01,1.0,0.9,0.1,0.1,8.92,85.39
50000,1.0,0.01,1.0,0.5,0.9,0.01,6.83,14.17
50000,1.0,0.01,1.0,0.5,0.9,0.03,7.03,13.97
50000,1.0,0.01,1.0,0.5,0.9,0.05,6.81,14.19
50000,1.0,0.01,1.0,0.5,0.9,0.07,6.84,14.16
50000,1.0,0.01,1.0,0.5,0.9,0.1,7.03,13.97
50000,1.0,0.01,1.0,0.5,0.786,0.01,6.84,14.16
50000,1.0,0.01,1.0,0.5,0.786,0.03,6.84,14.16
50000,1.0,0.01,1.0,0.5,0.786,0.05,6.83,14.17
50000,1.0,0.01,1.0,0.5,0.786,0.07,7.01,13.99
50000,1.0,0.01,1.0,0.5,0.786,0.1,7.03,13.97
50000,1.0,0.01,1.0,0.5,0.618,0.01,7.03,16.53
50000,1.0,0.01,1.0,0.5,0.618,0.03,6.69,15.44
50000,1.0,0.01,1.0,0.5,0.618,0.05,6.72,14.83
50000,1.0,0.01,1.0,0.5,0.618,0.07,6.72,14.28
50000,1.0,0.01,1.0,0.5,0.618,0.1,6.71,14.29
50000,1.0,0.01,1.0,0.5,0.5,0.01,6.47,33.41
50000,1.0,0.01,1.0,0.5,0.5,0.03,6.77,30.97
50000,1.0,0.01,1.0,0.5,0.5,0.05,6.44,31.28
50000,1.0,0.01,1.0,0.5,0.5,0.07,6.5,30.85
50000,1.0,0.01,1.0,0.5,0.5,0.1,6.82,28.46
50000,1.0,0.01,1.0,0.5,0.382,0.01,7.86,63.33
50000,1.0,0.01,1.0,0.5,0.382,0.03,8.21,54.38
50000,1.0,0.01,1.0,0.5,0.382,0.05,8.08,54.73
50000,1.0,0.01,1.0,0.5,0.382,0.07,7.91,55.52
50000,1.0,0.01,1.0,0.5,0.382,0.1,7.59,50.51
50000,1.0,0.01,1.0,0.5,0.2,0.01,7.81,77.76
50000,1.0,0.01,1.0,0.5,0.2,0.03,8.09,74.2
50000,1.0,0.01,1.0,0.5,0.2,0.05,7.55,70.15
50000,1.0,0.01,1.0,0.5,0.2,0.07,8.19,68.95
50000,1.0,0.01,1.0,0.5,0.2,0.1,8.14,68.92
50000,1.0,0.01,1.0,0.5,0.1,0.01,7.21,79.68
50000,1.0,0.01,1.0,0.5,0.1,0.03,7.01,78.64
50000,1.0,0.01,1.0,0.5,0.1,0.05,7.01,78.63
50000,1.0,0.01,1.0,0.5,0.1,0.07,7.24,77.51
50000,1.0,0.01,1.0,0.5,0.1,0.1,8.55,80.33
50000,1.0,0.01,1.0,0.6,0.9,0.01,7.02,13.98
50000,1.0,0.01,1.0,0.6,0.9,0.03,6.74,14.26
50000,1.0,0.01,1.0,0.6,0.9,0.05,7.02,13.98
50000,1.0,0.01,1.0,0.6,0.9,0.07,7.02,13.98
50000,1.0,0.01,1.0,0.6,0.9,0.1,6.82,14.18
50000,1.0,0.01,1.0,0.6,0.786,0.01,6.84,14.16
50000,1.0,0.01,1.0,0.6,0.786,0.03,6.86,14.14
50000,1.0,0.01,1.0,0.6,0.786,0.05,7.02,13.98
50000,1.0,0.01,1.0,0.6,0.786,0.07,7.02,13.98
50000,1.0,0.01,1.0,0.6,0.786,0.1,6.85,14.15
50000,1.0,0.01,1.0,0.6,0.618,0.01,6.84,14.72
50000,1.0,0.01,1.0,0.6,0.618,0.03,7.01,14.58
50000,1.0,0.01,1.0,0.6,0.618,0.05,6.98,14.02
50000,1.0,0.01,1.0,0.6,0.618,0.07,6.97,14.03
50000,1.0,0.01,1.0,0.6,0.618,0.1,6.99,14.01
50000,1.0,0.01,1.0,0.6,0.5,0.01,7.63,51.89
50000,1.0,0.01,1.0,0.6,0.5,0.03,7.66,47.95
50000,1.0,0.01,1.0,0.6,0.5,0.05,7.32,37.75
50000,1.0,0.01,1.0,0.6,0.5,0.07,7.19,36.55
50000,1.0,0.01,1.0,0.6,0.5,0.1,7.28,34.19
50000,1.0,0.01,1.0,0.6,0.382,0.01,7.51,56.65
50000,1.0,0.01,1.0,0.6,0.382,0.03,7.12,54.25
50000,1.0,0.01,1.0,0.6,0.382,0.05,6.81,51.37
50000,1.0,0.01,1.0,0.6,0.382,0.07,7.16,53.05
50000,1.0,0.01,1.0,0.6,0.382,0.1,7.27,39.79
50000,1.0,0.01,1.0,0.6,0.2,0.01,8.38,74.74
50000,1.0,0.01,1.0,0.6,0.2,0.03,8.58,74.61
50000,1.0,0.01,1.0,0.6,0.2,0.05,8.83,74.37
50000,1.0,0.01,1.0,0.6,0.2,0.07,8.36,72.68
50000,1.0,0.01,1.0,0.6,0.2,0.1,8.41,70.14
50000,1.0,0.01,1.0,0.6,0.1,0.01,8.81,89.89
50000,1.0,0.01,1.0,0.6,0.1,0.03,8.47,86.37
50000,1.0,0.01,1.0,0.6,0.1,0.05,8.49,85.96
50000,1.0,0.01,1.0,0.6,0.1,0.07,8.47,85.53
50000,1.0,0.01,1.0,0.6,0.1,0.1,8.42,85.9
50000,1.0,0.01,1.0,0.7,0.9,0.01,6.96,14.04
50000,1.0,0.01,1.0,0.7,0.9,0.03,7.03,13.97
50000,1.0,0.01,1.0,0.7,0.9,0.05,6.84,14.16
50000,1.0,0.01,1.0,0.7,0.9,0.07,6.85,14.15
50000,1.0,0.01,1.0,0.7,0.9,0.1,7.0,14.0
50000,1.0,0.01,1.0,0.7,0.786,0.01,7.03,13.97
50000,1.0,0.01,1.0,0.7,0.786,0.03,6.87,14.13
50000,1.0,0.01,1.0,0.7,0.786,0.05,7.04,13.96
50000,1.0,0.01,1.0,0.7,0.786,0.07,6.82,14.18
50000,1.0,0.01,1.0,0.7,0.786,0.1,6.84,14.16
50000,1.0,0.01,1.0,0.7,0.618,0.01,7.05,25.64
50000,1.0,0.01,1.0,0.7,0.618,0.03,6.9,14.66
50000,1.0,0.01,1.0,0.7,0.618,0.05,7.02,14.61
50000,1.0,0.01,1.0,0.7,0.618,0.07,6.82,15.07
50000,1.0,0.01,1.0,0.7,0.618,0.1,6.82,15.05
50000,1.0,0.01,1.0,0.7,0.5,0.01,7.49,40.71
50000,1.0,0.01,1.0,0.7,0.5,0.03,7.69,38.87
50000,1.0,0.01,1.0,0.7,0.5,0.05,7.42,36.02
50000,1.0,0.01,1.0,0.7,0.5,0.07,6.95,24.88
50000,1.0,0.01,1.0,0.7,0.5,0.1,7.11,22.73
50000,1.0,0.01,1.0,0.7,0.382,0.01,7.41,47.56
50000,1.0,0.01,1.0,0.7,0.382,0.03,7.21,48.82
50000,1.0,0.01,1.0,0.7,0.382,0.05,7.08,43.8
50000,1.0,0.01,1.0,0.7,0.382,0.07,7.01,37.69
50000,1.0,0.01,1.0,0.7,0.382,0.1,7.01,36.5
50000,1.0,0.01,1.0,0.7,0.2,0.01,10.3,87.16
50000,1.0,0.01,1.0,0.7,0.2,0.03,9.85,84.25
50000,1.0,0.01,1.0,0.7,0.2,0.05,9.83,84.4
50000,1.0,0.01,1.0,0.7,0.2,0.07,8.56,74.28
50000,1.0,0.01,1.0,0.7,0.2,0.1,8.87,70.91
50000,1.0,0.01,1.0,0.7,0.1,0.01,8.99,85.14
50000,1.0,0.01,1.0,0.7,0.1,0.03,8.98,86.57
50000,1.0,0.01,1.0,0.7,0.1,0.05,8.62,81.57
50000,1.0,0.01,1.0,0.7,0.1,0.07,8.82,86.06
50000,1.0,0.01,1.0,0.7,0.1,0.1,8.82,86.13
50000,1.0,0.01,1.0,0.8,0.9,0.01,6.82,14.18
50000,1.0,0.01,1.0,0.8,0.9,0.03,6.82,14.18
50000,1.0,0.01,1.0,0.8,0.9,0.05,7.0,14.0
50000,1.0,0.01,1.0,0.8,0.9,0.07,6.99,14.01
50000,1.0,0.01,1.0,0.8,0.9,0.1,7.01,13.99
50000,1.0,0.01,1.0,0.8,0.786,0.01,6.82,14.18
50000,1.0,0.01,1.0,0.8,0.786,0.03,6.85,14.15
50000,1.0,0.01,1.0,0.8,0.786,0.05,7.0,14.0
50000,1.0,0.01,1.0,0.8,0.786,0.07,6.83,14.17
50000,1.0,0.01,1.0,0.8,0.786,0.1,7.02,13.98
50000,1.0,0.01,1.0,0.8,0.618,0.01,7.47,31.47
50000,1.0,0.01,1.0,0.8,0.618,0.03,7.31,23.44
50000,1.0,0.01,1.0,0.8,0.618,0.05,7.13,19.28
50000,1.0,0.01,1.0,0.8,0.618,0.07,6.9,18.03
50000,1.0,0.01,1.0,0.8,0.618,0.1,7.03,15.11
50000,1.0,0.01,1.0,0.8,0.5,0.01,8.27,56.38
50000,1.0,0.01,1.0,0.8,0.5,0.03,7.78,49.14
50000,1.0,0.01,1.0,0.8,0.5,0.05,7.75,45.78
50000,1.0,0.01,1.0,0.8,0.5,0.07,7.38,35.9
50000,1.0,0.01,1.0,0.8,0.5,0.1,7.2,26.26
50000,1.0,0.01,1.0,0.8,0.382,0.01,7.95,62.28
50000,1.0,0.01,1.0,0.8,0.382,0.03,7.78,55.77
50000,1.0,0.01,1.0,0.8,0.382,0.05,7.33,49.52
50000,1.0,0.01,1.0,0.8,0.382,0.07,7.39,43.53
50000,1.0,0.01,1.0,0.8,0.382,0.1,7.48,41.25
50000,1.0,0.01,1.0,0.8,0.2,0.01,7.53,57.31
50000,1.0,0.01,1.0,0.8,0.2,0.03,7.93,55.58
50000,1.0,0.01,1.0,0.8,0.2,0.05,7.41,53.15
50000,1.0,0.01,1.0,0.8,0.2,0.07,7.77,52.29
50000,1.0,0.01,1.0,0.8,0.2,0.1,7.68,53.11
50000,1.0,0.01,1.0,0.8,0.1,0.01,9.83,85.08
50000,1.0,0.01,1.0,0.8,0.1,0.03,9.73,84.18
50000,1.0,0.01,1.0,0.8,0.1,0.05,9.11,80.99
50000,1.0,0.01,1.0,0.8,0.1,0.07,8.86,77.34
50000,1.0,0.01,1.0,0.8,0.1,0.1,9.22,77.12
50000,1.0,0.01,1.0,0.9,0.9,0.01,6.81,14.19
50000,1.0,0.01,1.0,0.9,0.9,0.03,6.99,14.01
50000,1.0,0.01,1.0,0.9,0.9,0.05,6.81,14.19
50000,1.0,0.01,1.0,0.9,0.9,0.07,6.83,14.17
50000,1.0,0.01,1.0,0.9,0.9,0.1,6.81,14.19
50000,1.0,0.01,1.0,0.9,0.786,0.01,6.81,14.19
50000,1.0,0.01,1.0,0.9,0.786,0.03,6.82,14.18
50000,1.0,0.01,1.0,0.9,0.786,0.05,7.0,14.0
50000,1.0,0.01,1.0,0.9,0.786,0.07,7.01,13.99
50000,1.0,0.01,1.0,0.9,0.786,0.1,7.02,13.98
50000,1.0,0.01,1.0,0.9,0.618,0.01,7.17,22.06
50000,1.0,0.01,1.0,0.9,0.618,0.03,6.58,14.42
50000,1.0,0.01,1.0,0.9,0.618,0.05,6.79,14.21
50000,1.0,0.01,1.0,0.9,0.618,0.07,7.02,13.98
50000,1.0,0.01,1.0,0.9,0.618,0.1,6.99,14.01
50000,1.0,0.01,1.0,0.9,0.5,0.01,8.07,58.5
50000,1.0,0.01,1.0,0.9,0.5,0.03,7.28,34.38
50000,1.0,0.01,1.0,0.9,0.5,0.05,7.19,29.85
50000,1.0,0.01,1.0,0.9,0.5,0.07,6.99,18.31
50000,1.0,0.01,1.0,0.9,0.5,0.1,7.09,17.59
50000,1.0,0.01,1.0,0.9,0.382,0.01,7.44,57.43
50000,1.0,0.01,1.0,0.9,0.382,0.03,8.1,57.29
50000,1.0,0.01,1.0,0.9,0.382,0.05,7.95,53.01
50000,1.0,0.01,1.0,0.9,0.382,0.07,7.94,53.82
50000,1.0,0.01,1.0,0.9,0.382,0.1,7.94,51.63
50000,1.0,0.01,1.0,0.9,0.2,0.01,7.43,68.46
50000,1.0,0.01,1.0,0.9,0.2,0.03,7.37,59.18
50000,1.0,0.01,1.0,0.9,0.2,0.05,7.6,53.47
50000,1.0,0.01,1.0,0.9,0.2,0.07,7.83,50.58
50000,1.0,0.01,1.0,0.9,0.2,0.1,7.27,39.7
50000,1.0,0.01,1.0,0.9,0.1,0.01,8.48,86.37
50000,1.0,0.01,1.0,0.9,0.1,0.03,8.48,85.99
50000,1.0,0.01,1.0,0.9,0.1,0.05,8.3,83.94
50000,1.0,0.01,1.0,0.9,0.1,0.07,8.33,83.71
50000,1.0,0.01,1.0,0.9,0.1,0.1,8.46,83.77
60000,1.0,0.01,1.0,0.5,0.9,0.01,6.84,14.16
60000,1.0,0.01,1.0,0.5,0.9,0.03,6.84,14.16
60000,1.0,0.01,1.0,0.5,0.9,0.05,6.78,14.22
60000,1.0,0.01,1.0,0.5,0.9,0.07,6.97,14.03
60000,1.0,0.01,1.0,0.5,0.9,0.1,7.0,14.0
60000,1.0,0.01,1.0,0.5,0.786,0.01,7.0,14.0
60000,1.0,0.01,1.0,0.5,0.786,0.03,7.02,13.98
60000,1.0,0.01,1.0,0.5,0.786,0.05,6.98,14.02
60000,1.0,0.01,1.0,0.5,0.786,0.07,6.83,14.17
60000,1.0,0.01,1.0,0.5,0.786,0.1,7.0,14.0
60000,1.0,0.01,1.0,0.5,0.618,0.01,6.96,17.92
60000,1.0,0.01,1.0,0.5,0.618,0.03,7.06,17.27
60000,1.0,0.01,1.0,0.5,0.618,0.05,7.1,17.3
60000,1.0,0.01,1.0,0.5,0.618,0.07,7.18,18.62
60000,1.0,0.01,1.0,0.5,0.618,0.1,6.88,16.48
60000,1.0,0.01,1.0,0.5,0.5,0.01,8.09,45.62
60000,1.0,0.01,1.0,0.5,0.5,0.03,7.93,45.64
60000,1.0,0.01,1.0,0.5,0.5,0.05,7.9,39.03
60000,1.0,0.01,1.0,0.5,0.5,0.07,7.72,35.07
60000,1.0,0.01,1.0,0.5,0.5,0.1,7.59,33.07
60000,1.0,0.01,1.0,0.5,0.382,0.01,7.43,61.96
60000,1.0,0.01,1.0,0.5,0.382,0.03,7.97,55.42
60000,1.0,0.01,1.0,0.5,0.382,0.05,7.77,51.09
60000,1.0,0.01,1.0,0.5,0.382,0.07,7.89,49.62
60000,1.0,0.01,1.0,0.5,0.382,0.1,7.87,42.54
60000,1.0,0.01,1.0,0.5,0.2,0.01,7.87,64.57
60000,1.0,0.01,1.0,0.5,0.2,0.03,7.87,64.04
60000,1.0,0.01,1.0,0.5,0.2,0.05,7.92,63.73
60000,1.0,0.01,1.0,0.5,0.2,0.07,8.0,63.61
60000,1.0,0.01,1.0,0.5,0.2,0.1,7.89,63.24
60000,1.0,0.01,1.0,0.5,0.1,0.01,6.52,85.52
60000,1.0,0.01,1.0,0.5,0.1,0.03,6.52,85.42
60000,1.0,0.01,1.0,0.5,0.1,0.05,7.09,79.44
60000,1.0,0.01,1.0,0.5,0.1,0.07,7.55,78.66
60000,1.0,0.01,1.0,0.5,0.1,0.1,7.75,78.77
60000,1.0,0.01,1.0,0.6,0.9,0.01,6.83,14.17
60000,1.0,0.01,1.0,0.6,0.9,0.03,6.81,14.19
60000,1.0,0.01,1.0,0.6,0.9,0.05,7.0,14.0
60000,1.0,0.01,1.0,0.6,0.9,0.07,6.85,14.15
60000,1.0,0.01,1.0,0.6,0.9,0.1,6.85,14.15
60000,1.0,0.01,1.0,0.6,0.786,0.01,7.0,14.0
60000,1.0,0.01,1.0,0.6,0.786,0.03,7.04,13.96
60000,1.0,0.01,1.0,0.6,0.786,0.05,6.81,14.19
60000,1.0,0.01,1.0,0.6,0.786,0.07,7.02,13.98
60000,1.0,0.01,1.0,0.6,0.786,0.1,6.85,14.15
60000,1.0,0.01,1.0,0.6,0.618,0.01,7.16,22.11
60000,1.0,0.01,1.0,0.6,0.618,0.03,7.14,19.24
60000,1.0,0.01,1.0,0.6,0.618,0.05,6.86,15.8
60000,1.0,0.01,1.0,0.6,0.618,0.07,6.79,14.73
60000,1.0,0.01,1.0,0.6,0.618,0.1,6.91,14.09
60000,1.0,0.01,1.0,0.6,0.5,0.01,6.88,36.86
60000,1.0,0.01,1.0,0.6,0.5,0.03,7.39,36.68
60000,1.0,0.01,1.0,0.6,0.5,0.05,7.08,29.97
60000,1.0,0.01,1.0,0.6,0.5,0.07,7.26,27.47
60000,1.0,0.01,1.0,0.6,0.5,0.1,7.36,24.74
60000,1.0,0.01,1.0,0.6,0.382,0.01,8.09,63.35
60000,1.0,0.01,1.0,0.6,0.382,0.03,7.93,55.85
60000,1.0,0.01,1.0,0.6,0.382,0.05,7.96,55.94
60000,1.0,0.01,1.0,0.6,0.382,0.07,7.9,51.96
60000,1.0,0.01,1.0,0.6,0.382,0.1,8.06,49.65
60000,1.0,0.01,1.0,0.6,0.2,0.01,7.81,72.49
60000,1.0,0.01,1.0,0.6,0.2,0.03,7.86,72.78
60000,1.0,0.01,1.0,0.6,0.2,0.05,7.47,71.98
60000,1.0,0.01,1.0,0.6,0.2,0.07,7.51,70.89
60000,1.0,0.01,1.0,0.6,0.2,0.1,7.1,63.11
60000,1.0,0.01,1.0,0.6,0.1,0.01,8.85,73.5
60000,1.0,0.01,1.0,0.6,0.1,0.03,8.84,73.31
60000,1.0,0.01,1.0,0.6,0.1,0.05,8.6,71.97
60000,1.0,0.01,1.0,0.6,0.1,0.07,8.61,72.51
60000,1.0,0.01,1.0,0.6,0.1,0.1,8.87,71.68
60000,1.0,0.01,1.0,0.7,0.9,0.01,6.76,14.24
60000,1.0,0.01,1.0,0.7,0.9,0.03,6.8,14.2
60000,1.0,0.01,1.0,0.7,0.9,0.05,6.81,14.19
60000,1.0,0.01,1.0,0.7,0.9,0.07,6.81,14.19
60000,1.0,0.01,1.0,0.7,0.9,0.1,6.78,14.22
60000,1.0,0.01,1.0,0.7,0.786,0.01,7.05,13.95
60000,1.0,0.01,1.0,0.7,0.786,0.03,7.05,13.95
60000,1.0,0.01,1.0,0.7,0.786,0.05,7.02,13.98
60000,1.0,0.01,1.0,0.7,0.786,0.07,6.82,14.18
60000,1.0,0.01,1.0,0.7,0.786,0.1,7.01,13.99
60000,1.0,0.01,1.0,0.7,0.618,0.01,6.68,16.32
60000,1.0,0.01,1.0,0.7,0.618,0.03,6.9,16.12
60000,1.0,0.01,1.0,0.7,0.618,0.05,6.87,15.22
60000,1.0,0.01,1.0,0.7,0.618,0.07,6.81,14.19
60000,1.0,0.01,1.0,0.7,0.618,0.1,7.01,13.99
60000,1.0,0.01,1.0,0.7,0.5,0.01,7.33,36.5
60000,1.0,0.01,1.0,0.7,0.5,0.03,7.21,28.81
60000,1.0,0.01,1.0,0.7,0.5,0.05,7.16,27.2
60000,1.0,0.01,1.0,0.7,0.5,0.07,7.2,25.28
60000,1.0,0.01,1.0,0.7,0.5,0.1,6.88,22.75
60000,1.0,0.01,1.0,0.7,0.382,0.01,7.11,48.2
60000,1.0,0.01,1.0,0.7,0.382,0.03,6.8,37.68
60000,1.0,0.01,1.0,0.7,0.382,0.05,7.26,35.17
60000,1.0,0.01,1.0,0.7,0.382,0.07,6.95,31.24
60000,1.0,0.01,1.0,0.7,0.382,0.1,6.92,24.66
60000,1.0,0.01,1.0,0.7,0.2,0.01,7.76,81.1
60000,1.0,0.01,1.0,0.7,0.2,0.03,7.56,77.96
60000,1.0,0.01,1.0,0.7,0.2,0.05,7.28,77.78
60000,1.0,0.01,1.0,0.7,0.2,0.07,7.24,77.16
60000,1.0,0.01,1.0,0.7,0.2,0.1,7.23,77.03
60000,1.0,0.01,1.0,0.7,0.1,0.01,11.29,92.91
60000,1.0,0.01,1.0,0.7,0.1,0.03,11.77,93.77
60000,1.0,0.01,1.0,0.7,0.1,0.05,11.63,93.49
60000,1.0,0.01,1.0,0.7,0.1,0.07,11.59,93.67
60000,1.0,0.01,1.0,0.7,0.1,0.1,11.72,93.55
60000,1.0,0.01,1.0,0.8,0.9,0.01,6.74,14.26
60000,1.0,0.01,1.0,0.8,0.9,0.03,6.99,14.01
60000,1.0,0.01,1.0,0.8,0.9,0.05,6.99,14.01
60000,1.0,0.01,1.0,0.8,0.9,0.07,6.97,14.03
60000,1.0,0.01,1.0,0.8,0.9,0.1,7.04,13.96
60000,1.0,0.01,1.0,0.8,0.786,0.01,7.01,13.99
60000,1.0,0.01,1.0,0.8,0.786,0.03,7.03,13.97
60000,1.0,0.01,1.0,0.8,0.786,0.05,6.86,14.14
60000,1.0,0.01,1.0,0.8,0.786,0.07,7.0,14.0
60000,1.0,0.01,1.0,0.8,0.786,0.1,7.02,13.98
60000,1.0,0.01,1.0,0.8,0.618,0.01,6.59,14.41
60000,1.0,0.01,1.0,0.8,0.618,0.03,6.9,14.1
60000,1.0,0.01,1.0,0.8,0.618,0.05,6.81,14.19
60000,1.0,0.01,1.0,0.8,0.618,0.07,6.94,14.06
60000,1.0,0.01,1.0,0.8,0.618,0.1,6.98,14.02
60000,1.0,0.01,1.0,0.8,0.5,0.01,6.65,34.73
60000,1.0,0.01,1.0,0.8,0.5,0.03,7.07,32.25
60000,1.0,0.01,1.0,0.8,0.5,0.05,7.19,28.1
60000,1.0,0.01,1.0,0.8,0.5,0.07,6.97,27.19
60000,1.0,0.01,1.0,0.8,0.5,0.1,7.23,25.15
60000,1.0,0.01,1.0,0.8,0.382,0.01,7.76,46.09
60000,1.0,0.01,1.0,0.8,0.382,0.03,7.44,41.47
60000,1.0,0.01,1.0,0.8,0.382,0.05,7.37,39.39
60000,1.0,0.01,1.0,0.8,0.382,0.07,7.43,31.6
60000,1.0,0.01,1.0,0.8,0.382,0.1,6.9,24.78
60000,1.0,0.01,1.0,0.8,0.2,0.01,7.86,68.66
60000,1.0,0.01,1.0,0.8,0.2,0.03,7.4,66.03
60000,1.0,0.01,1.0,0.8,0.2,0.05,7.56,58.93
60000,1.0,0.01,1.0,0.8,0.2,0.07,7.6,57.9
60000,1.0,0.01,1.0,0.8,0.2,0.1,7.67,60.16
60000,1.0,0.01,1.0,0.8,0.1,0.01,8.93,86.45
60000,1.0,0.01,1.0,0.8,0.1,0.03,8.77,85.85
60000,1.0,0.01,1.0,0.8,0.1,0.05,7.29,80.69
60000,1.0,0.01,1.0,0.8,0.1,0.07,7.18,76.77
60000,1.0,0.01,1.0,0.8,0.1,0.1,7.35,78.77
60000,1.0,0.01,1.0,0.9,0.9,0.01,6.92,14.08
60000,1.0,0.01,1.0,0.9,0.9,0.03,6.86,14.14
60000,1.0,0.01,1.0,0.9,0.9,0.05,7.02,13.98
60000,1.0,0.01,1.0,0.9,0.9,0.07,7.03,13.97
60000,1.0,0.01,1.0,0.9,0.9,0.1,6.85,14.15
60000,1.0,0.01,1.0,0.9,0.786,0.01,6.84,14.16
60000,1.0,0.01,1.0,0.9,0.786,0.03,7.04,13.96
60000,1.0,0.01,1.0,0.9,0.786,0.05,7.02,13.98
60000,1.0,0.01,1.0,0.9,0.786,0.07,6.84,14.16
60000,1.0,0.01,1.0,0.9,0.786,0.1,7.01,13.99
60000,1.0,0.01,1.0,0.9,0.618,0.01,7.0,24.81
60000,1.0,0.01,1.0,0.9,0.618,0.03,7.19,19.69
60000,1.0,0.01,1.0,0.9,0.618,0.05,6.95,14.37
60000,1.0,0.01,1.0,0.9,0.618,0.07,7.01,14.29
60000,1.0,0.01,1.0,0.9,0.618,0.1,7.02,14.25
60000,1.0,0.01,1.0,0.9,0.5,0.01,7.33,32.42
60000,1.0,0.01,1.0,0.9,0.5,0.03,6.87,16.93
60000,1.0,0.01,1.0,0.9,0.5,0.05,6.91,14.71
60000,1.0,0.01,1.0,0.9,0.5,0.07,6.93,14.36
60000,1.0,0.01,1.0,0.9,0.5,0.1,6.96,14.04
60000,1.0,0.01,1.0,0.9,0.382,0.01,7.04,58.36
60000,1.0,0.01,1.0,0.9,0.382,0.03,6.88,47.93
60000,1.0,0.01,1.0,0.9,0.382,0.05,7.02,43.94
60000,1.0,0.01,1.0,0.9,0.382,0.07,6.92,37.07
60000,1.0,0.01,1.0,0.9,0.382,0.1,7.12,27.51
60000,1.0,0.01,1.0,0.9,0.2,0.01,10.33,88.13
60000,1.0,0.01,1.0,0.9,0.2,0.03,8.57,79.91
60000,1.0,0.01,1.0,0.9,0.2,0.05,8.71,75.04
60000,1.0,0.01,1.0,0.9,0.2,0.07,8.25,70.46
60000,1.0,0.01,1.0,0.9,0.2,0.1,8.09,64.77
60000,1.0,0.01,1.0,0.9,0.1,0.01,8.65,83.15
60000,1.0,0.01,1.0,0.9,0.1,0.03,8.78,81.11
60000,1.0,0.01,1.0,0.9,0.1,0.05,8.76,81.69
60000,1.0,0.01,1.0,0.9,0.1,0.07,8.81,81.37
60000,1.0,0.01,1.0,0.9,0.1,0.1,8.87,80.91
70000,1.0,0.01,1.0,0.5,0.9,0.01,6.97,14.03
70000,1.0,0.01,1.0,0.5,0.9,0.03,7.02,13.98
70000,1.0,0.01,1.0,0.5,0.9,0.05,6.8,14.2
70000,1.0,0.01,1.0,0.5,0.9,0.07,7.03,13.97
70000,1.0,0.01,1.0,0.5,0.9,0.1,6.84,14.16
70000,1.0,0.01,1.0,0.5,0.786,0.01,6.83,14.17
70000,1.0,0.01,1.0,0.5,0.786,0.03,7.03,13.97
70000,1.0,0.01,1.0,0.5,0.786,0.05,7.01,13.99
70000,1.0,0.01,1.0,0.5,0.786,0.07,6.84,14.16
70000,1.0,0.01,1.0,0.5,0.786,0.1,7.03,13.97
70000,1.0,0.01,1.0,0.5,0.618,0.01,6.73,14.27
70000,1.0,0.01,1.0,0.5,0.618,0.03,6.94,14.06
70000,1.0,0.01,1.0,0.5,0.618,0.05,6.96,14.04
70000,1.0,0.01,1.0,0.5,0.618,0.07,6.76,14.24
70000,1.0,0.01,1.0,0.5,0.618,0.1,6.77,14.23
70000,1.0,0.01,1.0,0.5,0.5,0.01,7.78,45.47
70000,1.0,0.01,1.0,0.5,0.5,0.03,8.11,45.82
70000,1.0,0.01,1.0,0.5,0.5,0.05,7.51,36.29
70000,1.0,0.01,1.0,0.5,0.5,0.07,7.45,33.36
70000,1.0,0.01,1.0,0.5,0.5,0.1,7.29,28.96
70000,1.0,0.01,1.0,0.5,0.382,0.01,7.9,64.46
70000,1.0,0.01,1.0,0.5,0.382,0.03,7.76,55.16
70000,1.0,0.01,1.0,0.5,0.382,0.05,7.73,48.72
70000,1.0,0.01,1.0,0.5,0.382,0.07,7.51,43.24
70000,1.0,0.01,1.0,0.5,0.382,0.1,7.53,41.66
70000,1.0,0.01,1.0,0.5,0.2,0.01,6.98,72.21
70000,1.0,0.01,1.0,0.5,0.2,0.03,7.22,73.0
70000,1.0,0.01,1.0,0.5,0.2,0.05,6.23,64.78
70000,1.0,0.01,1.0,0.5,0.2,0.07,6.8,64.46
70000,1.0,0.01,1.0,0.5,0.2,0.1,6.97,63.56
70000,1.0,0.01,1.0,0.5,0.1,0.01,8.7,87.9
70000,1.0,0.01,1.0,0.5,0.1,0.03,8.57,80.93
70000,1.0,0.01,1.0,0.5,0.1,0.05,8.83,82.59
70000,1.0,0.01,1.0,0.5,0.1,0.07,8.82,81.85
70000,1.0,0.01,1.0,0.5,0.1,0.1,8.84,81.95
70000,1.0,0.01,1.0,0.6,0.9,0.01,6.77,14.23
70000,1.0,0.01,1.0,0.6,0.9,0.03,7.03,13.97
70000,1.0,0.01,1.0,0.6,0.9,0.05,6.85,14.15
70000,1.0,0.01,1.0,0.6,0.9,0.07,6.86,14.14
70000,1.0,0.01,1.0,0.6,0.9,0.1,7.04,13.96
70000,1.0,0.01,1.0,0.6,0.786,0.01,7.05,13.95
70000,1.0,0.01,1.0,0.6,0.786,0.03,6.83,14.17
70000,1.0,0.01,1.0,0.6,0.786,0.05,7.02,13.98
70000,1.0,0.01,1.0,0.6,0.786,0.07,7.01,13.99
70000,1.0,0.01,1.0,0.6,0.786,0.1,7.02,13.98
70000,1.0,0.01,1.0,0.6,0.618,0.01,7.64,28.24
70000,1.0,0.01,1.0,0.6,0.618,0.03,7.19,25.58
70000,1.0,0.01,1.0,0.6,0.618,0.05,7.2,24.68
70000,1.0,0.01,1.0,0.6,0.618,0.07,7.27,20.25
70000,1.0,0.01,1.0,0.6,0.618,0.1,6.88,16.35
70000,1.0,0.01,1.0,0.6,0.5,0.01,7.46,49.11
70000,1.0,0.01,1.0,0.6,0.5,0.03,7.21,36.62
70000,1.0,0.01,1.0,0.6,0.5,0.05,7.14,30.5
70000,1.0,0.01,1.0,0.6,0.5,0.07,7.39,29.11
70000,1.0,0.01,1.0,0.6,0.5,0.1,7.42,27.8
70000,1.0,0.01,1.0,0.6,0.382,0.01,8.97,71.42
70000,1.0,0.01,1.0,0.6,0.382,0.03,9.03,66.53
70000,1.0,0.01,1.0,0.6,0.382,0.05,8.87,65.66
70000,1.0,0.01,1.0,0.6,0.382,0.07,8.43,60.33
70000,1.0,0.01,1.0,0.6,0.382,0.1,8.26,57.45
70000,1.0,0.01,1.0,0.6,0.2,0.01,7.88,65.27
70000,1.0,0.01,1.0,0.6,0.2,0.03,8.23,65.24
70000,1.0,0.01,1.0,0.6,0.2,0.05,8.17,66.55
70000,1.0,0.01,1.0,0.6,0.2,0.07,7.81,59.82
70000,1.0,0.01,1.0,0.6,0.2,0.1,7.83,59.93
70000,1.0,0.01,1.0,0.6,0.1,0.01,8.02,85.99
70000,1.0,0.01,1.0,0.6,0.1,0.03,7.48,83.03
70000,1.0,0.01,1.0,0.6,0.1,0.05,7.46,82.98
70000,1.0,0.01,1.0,0.6,0.1,0.07,7.46,82.8
70000,1.0,0.01,1.0,0.6,0.1,0.1,7.48,82.82
70000,1.0,0.01,1.0,0.7,0.9,0.01,6.8,14.2
70000,1.0,0.01,1.0,0.7,0.9,0.03,7.01,13.99
70000,1.0,0.01,1.0,0.7,0.9,0.05,7.01,13.99
70000,1.0,0.01,1.0,0.7,0.9,0.07,6.83,14.17
70000,1.0,0.01,1.0,0.7,0.9,0.1,6.84,14.16
70000,1.0,0.01,1.0,0.7,0.786,0.01,6.84,14.16
70000,1.0,0.01,1.0,0.7,0.786,0.03,7.01,13.99
70000,1.0,0.01,1.0,0.7,0.786,0.05,7.0,14.0
70000,1.0,0.01,1.0,0.7,0.786,0.07,7.02,13.98
70000,1.0,0.01,1.0,0.7,0.786,0.1,6.83,14.17
70000,1.0,0.01,1.0,0.7,0.618,0.01,7.02,22.9
70000,1.0,0.01,1.0,0.7,0.618,0.03,7.19,20.95
70000,1.0,0.01,1.0,0.7,0.618,0.05,6.96,14.31
70000,1.0,0.01,1.0,0.7,0.618,0.07,6.82,15.0
70000,1.0,0.01,1.0,0.7,0.618,0.1,6.97,14.31
70000,1.0,0.01,1.0,0.7,0.5,0.01,7.37,35.89
70000,1.0,0.01,1.0,0.7,0.5,0.03,7.13,29.6
70000,1.0,0.01,1.0,0.7,0.5,0.05,7.22,24.83
70000,1.0,0.01,1.0,0.7,0.5,0.07,7.02,21.7
70000,1.0,0.01,1.0,0.7,0.5,0.1,6.82,16.41
70000,1.0,0.01,1.0,0.7,0.382,0.01,8.38,73.22
70000,1.0,0.01,1.0,0.7,0.382,0.03,8.3,66.43
70000,1.0,0.01,1.0,0.7,0.382,0.05,8.27,64.59
70000,1.0,0.01,1.0,0.7,0.382,0.07,7.66,52.7
70000,1.0,0.01,1.0,0.7,0.382,0.1,7.53,40.67
70000,1.0,0.01,1.0,0.7,0.2,0.01,8.11,68.63
70000,1.0,0.01,1.0,0.7,0.2,0.03,8.0,66.93
70000,1.0,0.01,1.0,0.7,0.2,0.05,6.33,54.4
70000,1.0,0.01,1.0,0.7,0.2,0.07,6.31,47.43
70000,1.0,0.01,1.0,0.7,0.2,0.1,6.9,42.64
70000,1.0,0.01,1.0,0.7,0.1,0.01,6.83,78.14
70000,1.0,0.01,1.0,0.7,0.1,0.03,6.79,76.86
70000,1.0,0.01,1.0,0.7,0.1,0.05,6.86,75.22
70000,1.0,0.01,1.0,0.7,0.1,0.07,6.96,74.27
70000,1.0,0.01,1.0,0.7,0.1,0.1,7.05,73.31
70000,1.0,0.01,1.0,0.8,0.9,0.01,6.8,14.2
70000,1.0,0.01,1.0,0.8,0.9,0.03,6.99,14.01
70000,1.0,0.01,1.0,0.8,0.9,0.05,6.77,14.23
70000,1.0,0.01,1.0,0.8,0.9,0.07,7.01,13.99
70000,1.0,0.01,1.0,0.8,0.9,0.1,6.82,14.18
70000,1.0,0.01,1.0,0.8,0.786,0.01,6.81,14.19
70000,1.0,0.01,1.0,0.8,0.786,0.03,7.01,13.99
70000,1.0,0.01,1.0,0.8,0.786,0.05,6.86,14.14
70000,1.0,0.01,1.0,0.8,0.786,0.07,6.83,14.17
70000,1.0,0.01,1.0,0.8,0.786,0.1,6.83,14.17
70000,1.0,0.01,1.0,0.8,0.618,0.01,7.2,20.54
70000,1.0,0.01,1.0,0.8,0.618,0.03,6.96,19.38
70000,1.0,0.01,1.0,0.8,0.618,0.05,6.84,15.32
70000,1.0,0.01,1.0,0.8,0.618,0.07,7.03,15.17
70000,1.0,0.01,1.0,0.8,0.618,0.1,7.0,14.55
70000,1.0,0.01,1.0,0.8,0.5,0.01,7.1,24.8
70000,1.0,0.01,1.0,0.8,0.5,0.03,7.01,19.1
70000,1.0,0.01,1.0,0.8,0.5,0.05,6.82,14.73
70000,1.0,0.01,1.0,0.8,0.5,0.07,6.88,14.12
70000,1.0,0.01,1.0,0.8,0.5,0.1,6.91,14.09
70000,1.0,0.01,1.0,0.8,0.382,0.01,7.51,58.07
70000,1.0,0.01,1.0,0.8,0.382,0.03,7.95,62.49
70000,1.0,0.01,1.0,0.8,0.382,0.05,7.81,50.32
70000,1.0,0.01,1.0,0.8,0.382,0.07,7.29,43.13
70000,1.0,0.01,1.0,0.8,0.382,0.1,7.17,38.86
70000,1.0,0.01,1.0,0.8,0.2,0.01,8.2,84.18
70000,1.0,0.01,1.0,0.8,0.2,0.03,8.14,78.62
70000,1.0,0.01,1.0,0.8,0.2,0.05,8.05,75.94
70000,1.0,0.01,1.0,0.8,0.2,0.07,8.08,73.17
70000,1.0,0.01,1.0,0.8,0.2,0.1,7.68,65.92
70000,1.0,0.01,1.0,0.8,0.1,0.01,8.21,83.87
70000,1.0,0.01,1.0,0.8,0.1,0.03,8.46,82.27
70000,1.0,0.01,1.0,0.8,0.1,0.05,8.58,77.69
70000,1.0,0.01,1.0,0.8,0.1,0.07,8.35,70.89
70000,1.0,0.01,1.0,0.8,0.1,0.1,7.43,62.69
70000,1.0,0.01,1.0,0.9,0.9,0.01,6.78,14.22
70000,1.0,0.01,1.0,0.9,0.9,0.03,7.01,13.99
70000,1.0,0.01,1.0,0.9,0.9,0.05,7.01,13.99
70000,1.0,0.01,1.0,0.9,0.9,0.07,6.85,14.15
70000,1.0,0.01,1.0,0.9,0.9,0.1,6.85,14.15
70000,1.0,0.01,1.0,0.9,0.786,0.01,6.84,14.16
70000,1.0,0.01,1.0,0.9,0.786,0.03,6.85,14.15
70000,1.0,0.01,1.0,0.9,0.786,0.05,7.03,13.97
70000,1.0,0.01,1.0,0.9,0.786,0.07,7.01,13.99
70000,1.0,0.01,1.0,0.9,0.786,0.1,7.02,13.98
70000,1.0,0.01,1.0,0.9,0.618,0.01,7.0,18.29
70000,1.0,0.01,1.0,0.9,0.618,0.03,6.97,14.29
70000,1.0,0.01,1.0,0.9,0.618,0.05,6.96,14.04
70000,1.0,0.01,1.0,0.9,0.618,0.07,6.81,14.19
70000,1.0,0.01,1.0,0.9,0.618,0.1,7.03,13.97
70000,1.0,0.01,1.0,0.9,0.5,0.01,7.25,30.4
70000,1.0,0.01,1.0,0.9,0.5,0.03,6.95,18.37
70000,1.0,0.01,1.0,0.9,0.5,0.05,6.69,15.17
70000,1.0,0.01,1.0,0.9,0.5,0.07,6.73,14.81
70000,1.0,0.01,1.0,0.9,0.5,0.1,7.0,14.0
70000,1.0,0.01,1.0,0.9,0.382,0.01,7.77,60.33
70000,1.0,0.01,1.0,0.9,0.382,0.03,7.45,47.53
70000,1.0,0.01,1.0,0.9,0.382,0.05,7.76,47.46
70000,1.0,0.01,1.0,0.9,0.382,0.07,7.51,41.34
70000,1.0,0.01,1.0,0.9,0.382,0.1,7.27,36.07
70000,1.0,0.01,1.0,0.9,0.2,0.01,7.8,74.63
70000,1.0,0.01,1.0,0.9,0.2,0.03,7.81,69.83
70000,1.0,0.01,1.0,0.9,0.2,0.05,7.9,65.86
70000,1.0,0.01,1.0,0.9,0.2,0.07,7.79,59.42
70000,1.0,0.01,1.0,0.9,0.2,0.1,7.58,44.26
70000,1.0,0.01,1.0,0.9,0.1,0.01,8.43,75.95
70000,1.0,0.01,1.0,0.9,0.1,0.03,7.83,69.81
70000,1.0,0.01,1.0,0.9,0.1,0.05,7.8,66.13
70000,1.0,0.01,1.0,0.9,0.1,0.07,8.2,63.11
70000,1.0,0.01,1.0,0.9,0.1,0.1,7.83,62.7
